"Eukaryote","Surfbird","Winnie-the-Pooh","Oncoba_spinosa","Abies_nordmanniana","Insect","Twin","Sanderling","Dunlin","Horse","Arthropod","Ruff","Donkey","Whimbrel"
"PeriodicalLiterature","Queens_Tribune","The_Washington_Times","The_Journal_of_Commerce","El_Diario_La_Prensa","Daily_Freeman","New_York_Press","The_Wall_Street_Journal","The_Sun_(New_York)","The_News-Sentinel","The_Jewish_Press","Kauno_diena","Woodstock_Times","Greenbelt_News_Review","Daily_Messenger","Syracuse_New_Times","Toronto_Star","Algemeiner_Journal","The_East_Hampton_Star","News_Review_Messenger","The_Ithaca_Journal","The_New_York_Observer","The_Buffalo_News","Wellsville_Daily_Reporter","Magazine","The_Village_Voice","The_Saratogian","The_State_Journal-Register","Toronto_Telegram","Newsday","The_News_Journal","New_York_Post","Times_Union_(Albany)","Watertown_Daily_Times","Star-Gazette","Times_Herald-Record","Pulp_magazine","New_Yorker_Staats-Zeitung","Staten_Island_Advance","Long_Island_Business_News","New_York_Amsterdam_News","The_Post-Journal","Niagara_Falls_Reporter","Queens_Chronicle","New_York_World-Telegram","The_Times_(Little_Falls)","Arkansas_Democrat-Gazette","The_New_York_Times","Poughkeepsie_Journal","The_Evening_Tribune_(Hornell)","Evening_Times","Douglas_County_News_(Sutherlin)","Kansas_City_Journal-Post","The_Baltimore_Sun","Lockport_Union-Sun_&_Journal","Nowy_Dziennik","Democrat_and_Chronicle","Der_Yid","Gotham_Gazette","Press-Republican","Fiji_Times","Olean_Times_Herald","Observer-Dispatch","Niagara_Gazette","The_Post-Star","Riverdale_Review","The_Journal_News","Irish_Voice","Herald_Young_Leader","The_Hamilton_Spectator","Financial_Times","The_Post-Standard"
"Saint","Saint_George","Saint_Anne","Edmund_Campion","Saint_Peter","Noah","Catherine_of_Alexandria","Anthony_of_Padua","Hilda_of_Whitby","Aviation","Hugh_of_Lincoln","John_the_Baptist","Little_Saint_Hugh_of_Lincoln","Anthony_the_Great"
"Bird","Surfbird","Sanderling","Dunlin","Ruff","Whimbrel"
"Infrastructure","Interstate_196","John_F._Kennedy_International_Airport","Tundra_Mine/Salamita_Mine_Aerodrome","Toronto_Pearson_International_Airport","Wall_Street"
"TelevisionSeason","South_Park_(season_9)","CSI:_Crime_Scene_Investigation_(season_3)","CSI:_Crime_Scene_Investigation_(season_7)"
"Company","Supersessionism","Oliver_Typewriter_Company","List_of_assets_owned_by_Village_Voice_Media","Crain_Communications","Transvestism","Ptarmigan_and_Tom_Mine","Ruff_Ryders_Entertainment","Tribune_Media_Services","American_City_Business_Journals","Prodrive","Low-cost_carrier","Aston_Martin","Echo_Bay_Mines","NHK","Yash_Raj_Films"
"Building","Poughkeepsie_Journal_Building","The_Church_of_Jesus_Christ_of_Latter-day_Saints","Lincoln_Memorial","Burwash_Mine","St_Catharine's_Church,_Scholes","Art_Gallery_of_Sudbury","Wharf","Palace_of_Beaulieu","Track_(rail_transport)","New_York_Amsterdam_News_Building","College_Green","Westminster_Abbey","Wartburg"
"AmusementParkAttraction","Monsters,_Inc._Laugh_Floor","Gran_Fiesta_Tour_Starring_The_Three_Caballeros","Finding_Nemo_Submarine_Voyage"
"PoliticalParty","Toronto_Telegram","Shiromani_Akali_Dal","New_Era_Party","Mercosur"
"PopulatedPlace","Democratic_Republic_of_the_Congo","Cheltenham","Torrecillas_de_la_Tiesa","Dumbo,_Brooklyn","Venta_Silurum","Hastings","English_people","Nordic_countries","African_Union","Isle_of_Man","Maine","South_Asian_Association_for_Regional_Cooperation","Berkeley,_California","Papua_New_Guinea","Philadelphia","Presidency_of_Ronald_Reagan","Low-pressure_area","Commonwealth_of_Independent_States","Atlantis","Discovery_Mine","St._Catharines","Galactic_Empire_(Star_Wars)","European_Union","Putnam_County,_New_York","Union_of_South_Africa","Little_Island,_Cork","Venta_Belgarum","Monarchy_of_the_United_Kingdom","Durovernum_Cantiacorum","European_Free_Trade_Association","Corinium_Dobunnorum","Queens","Mercosur","Association_of_Southeast_Asian_Nations","Southern_African_Development_Community","Isca_Dumnoniorum","Kanchanaburi","Fredericton","Warsaw,_Indiana","Docklands,_Victoria","Viroconium_Cornoviorum","Jhelum"
"EducationalInstitution","Middlesex_University","Concordia_Lutheran_Seminary","University_of_Western_Ontario","Bow_Valley_College","Niels_Bohr_Institute","University_of_Ontario_Institute_of_Technology","Lakeland_College_(Alberta)","State_University_of_New_York","Sidney_Sussex_College,_Cambridge","Selwyn_College,_Otago","CDI_College","University","Green_Templeton_College,_Oxford","York_University","Alberta_Bible_College","List_of_Honorary_Fellows_of_Keble_College,_Oxford","Emmanuel_College,_Cambridge","Ryerson_University","Hughes_Hall,_Cambridge","St_Edmund_Hall,_Oxford","St_Cross_College,_Oxford","Lucy_Cavendish_College,_Cambridge","Linacre_College,_Oxford","University_of_Ottawa","University_of_Windsor","Carleton_College","Keble_College,_Oxford","Selwyn_College,_Cambridge","Lady_Margaret_Hall,_Oxford","Ottawa_University","Keyano_College","Gonville_and_Caius_College,_Cambridge","Hertford_College,_Oxford","St_Catharine's_College,_Cambridge","Exeter_College,_Oxford","Mount_Royal_University","Fitzwilliam_College,_Cambridge","Magdalene_College,_Cambridge","Merton_College,_Oxford","OCAD_University","Jesus_College,_Cambridge","Western_Kentucky_University","NorQuest_College","Trent_University","Clare_College,_Cambridge","Lakehead_University","Darwin_College,_Kent","Lincoln_College,_Oxford","Brasenose_College,_Oxford","University_of_Toronto","Carleton_University","Lethbridge_College","Templeton_College,_Oxford","Royal_Military_College_of_Canada","Portage_College","Corpus_Christi_College,_Oxford","Girton_College,_Cambridge","Duke_University","Peterhouse,_Cambridge","Murray_Edwards_College,_Cambridge","Trinity_Hall,_Cambridge","Laurentian_University","McMaster_University","Corpus_Christi_College,_Cambridge","Washburn_University","Emmanuel_College_(Massachusetts)","Rocky_Mountain_College","Newnham_College,_Cambridge","Wolfson_College,_Cambridge","University_of_Pennsylvania","University_of_Guelph","Christ_Church,_Oxford","Robinson_College,_Cambridge","University_of_Lethbridge","Red_Deer_College","Homerton_College,_Cambridge","Clare_Hall,_Cambridge","Grande_Prairie_Regional_College","University_of_Waterloo","Prairie_Bible_Institute","Pembroke_College,_Cambridge","Rocky_Mountain_College_of_Art_and_Design","Nipissing_University","Worcester_College,_Oxford","Downing_College,_Cambridge","Medicine_Hat_College","Balliol_College,_Oxford","Northern_Ontario_School_of_Medicine","Jesus_College,_Oxford","Athabasca_University","Brock_University","Evangel_University","Brown_University","Pembroke_College,_Oxford","Ashford_University","History_of_Canadian_University_College","Churchill_College,_Cambridge","New_College,_Oxford","Wilfrid_Laurier_University","University_of_Calgary","Harris_Manchester_College,_Oxford","Darwin_College,_Cambridge","Magdalen_College,_Oxford","Augustana_University_College","Lakeland_College_(Wisconsin)","Kellogg_College,_Oxford","All_Souls_College,_Oxford","Satyajit_Ray_Film_and_Television_Institute","Oriel_College,_Oxford","Somerville_College,_Oxford","Sir_Oliver_Mowat_Collegiate_Institute","Northern_Alberta_Institute_of_Technology","Trinity_College,_Toronto","Mansfield_College,_Oxford","New_York_University","SAIT_Polytechnic","Wolfson_College,_Oxford","Trinity_College,_Cambridge","University_of_Alberta","Nottingham_Trent_University","Alberta_College_of_Art_and_Design","College_of_the_Holy_Cross","Wadham_College,_Oxford","Nuffield_College,_Oxford","Northern_Lakes_College"
"Magazine","The_Journal_of_Commerce","Pulp_magazine","Irish_Voice"
"Newspaper","Queens_Tribune","The_Washington_Times","El_Diario_La_Prensa","Daily_Freeman","New_York_Press","The_Wall_Street_Journal","The_Sun_(New_York)","The_News-Sentinel","The_Jewish_Press","Kauno_diena","Woodstock_Times","Greenbelt_News_Review","Daily_Messenger","Syracuse_New_Times","Toronto_Star","Algemeiner_Journal","The_East_Hampton_Star","News_Review_Messenger","The_Ithaca_Journal","The_New_York_Observer","The_Buffalo_News","Wellsville_Daily_Reporter","The_Village_Voice","The_Saratogian","The_State_Journal-Register","Toronto_Telegram","Newsday","The_News_Journal","New_York_Post","Times_Union_(Albany)","Watertown_Daily_Times","Star-Gazette","Times_Herald-Record","New_Yorker_Staats-Zeitung","Staten_Island_Advance","Long_Island_Business_News","New_York_Amsterdam_News","The_Post-Journal","Niagara_Falls_Reporter","Queens_Chronicle","New_York_World-Telegram","The_Times_(Little_Falls)","Arkansas_Democrat-Gazette","The_New_York_Times","Poughkeepsie_Journal","The_Evening_Tribune_(Hornell)","Evening_Times","Douglas_County_News_(Sutherlin)","Kansas_City_Journal-Post","The_Baltimore_Sun","Lockport_Union-Sun_&_Journal","Nowy_Dziennik","Democrat_and_Chronicle","Der_Yid","Press-Republican","Fiji_Times","Olean_Times_Herald","Observer-Dispatch","Niagara_Gazette","The_Post-Star","Riverdale_Review","The_Journal_News","Irish_Voice","Herald_Young_Leader","The_Hamilton_Spectator","Financial_Times","The_Post-Standard"
"MusicalWork","Chori_Chori_Chupke_Chupke__Chori_Chori_Chupke_Chupke__1","Short_story","The_Boy_Who_Knew_Too_Much_(album)","Frog_Went_A-Courting","Har_Dil_Jo_Pyar_Karega__Har_Dil_Jo_Pyar_Karega__1","Beauty_and_the_Beast_(musical)","In_Rainbows","Encore_(Eminem_album)","Noah","Many_Moons_(song)","The_Sleeping_Beauty_(ballet)","Hurricane_Katrina","Austin_Powers_in_Goldmember__Austin_Powers_in_Goldmember__1","Kal_Ho_Naa_Ho__Kal_Ho_Naa_Ho__1","As_I_Am_(Kristin_Chenoweth_album)","Three_Lions","I'm_with_You_(album)","One_Fine_Day_(song)","Bunty_Aur_Babli__Bunty_Aur_Babli__1","Mujhse_Dosti_Karoge!__Mujhse_Dosti_Karoge__1","Phir_Milenge_Chalte_Chalte","Kronos_Quartet_discography","The_Lady_Is_a_Tramp"
"Agent","Middlesex_University","Concordia_Lutheran_Seminary","Li_Changchun","St._George_Shoots_the_Dragon","Democratic_Republic_of_the_Congo","Daniel_Boone","Jumanji_(TV_series)","Ahmad_Alamolhoda","Leopold_II_of_Belgium","Albert_II,_Prince_of_Monaco","Dumbo","Louis_St._Laurent","Dilip_Kumar","University_of_Western_Ontario","World_War_II","The_Hunchback_of_Notre_Dame_(1996_film)","Asha_Bhosle","The_Reluctant_Dragon_(film)","Alan_Lloyd_Hodgkin","Bow_Valley_College","Vector_Prime_(Transformers)","Niels_Bohr_Institute","Leopold_II,_Holy_Roman_Emperor","University_of_Ontario_Institute_of_Technology","Heath_Ledger","Phil_Collins","Lakeland_College_(Alberta)","State_University_of_New_York","Jimmy_Smits","Sidney_Sussex_College,_Cambridge","Selwyn_College,_Otago","CDI_College","William_Lyon_Mackenzie_King","Destiny's_Child","New_York_Press","Citizenship","Sydney_Chapman_(mathematician)","Wildfire","Queen_Victoria","Ananda_Mahidol","University","Philadelphia_Orchestra","James_Meade","Li_Xiannian","Jia_Qinglin","Hu_Jintao","Green_Templeton_College,_Oxford","Bradley_Whitford","Jimmy_Carter","Michael_J._Fox","Vajiravudh","Archibald_Hill","Supersessionism","York_University","White_Stag_Leadership_Development_Program","Baldev_Raj_Chopra","Alberta_Bible_College","Oliver_Typewriter_Company","Mona_Lisa","Oliver_Ditson","Whipping_Boy_(Irish_band)","List_of_Honorary_Fellows_of_Keble_College,_Oxford","Sebastian_Cabot_(explorer)","European_Commission","Ashok_Kumar_(British_politician)","The_Three_Caballeros","Central_European_Free_Trade_Agreement","Leopold_III,_Duke_of_Austria","The_Little_Mermaid_(1989_film)","Yash_Chopra","Emmanuel_College,_Cambridge","Sir_Walter_Gilbert,_1st_Baronet","Bhupen_Hazarika","The_Black_Cauldron_(film)","Rajkumar_Santoshi","Wilfrid_Laurier","James_Mirrlees","Carmine_Galante","Baudouin_of_Belgium","Zeng_Qinghong","Luc_Letellier_de_St-Just","The_Lion_King","List_of_assets_owned_by_Village_Voice_Media","Whipping_boy","Trina","Raj_Kapoor","Mongkut","Eleanor_Roosevelt","Alan_Alda","Ryerson_University","Hughes_Hall,_Cambridge","David_Mamet","St_Edmund_Hall,_Oxford","Lisa_Kelly_(trucker)","Crain_Communications","Herbert_Hoover","John_Thomas_Haig","Miley_Jab_Hum_Tum","St_Cross_College,_Oxford","Lucy_Cavendish_College,_Cambridge","Fancy_(singer)","Linacre_College,_Oxford","Rosetta_Stone","University_of_Ontario_Institute_of_Technology_Ridgebacks","Cold_War_Kids","University_of_Ottawa","University_of_Windsor","Francis_Ford_Coppola","Sebastian_Cabot_(actor)","Aquaman","Carleton_College","Keble_College,_Oxford","North_American_Free_Trade_Agreement","Saint_George_and_the_Dragon","Robin_Hood","Mary_(mother_of_Jesus)","Bambi","Selwyn_College,_Cambridge","Winnie-the-Pooh","Coenraad_Jacob_Temminck","Stockard_Channing","Lady_Margaret_Hall,_Oxford","Wretch_32","African_Union","Lady_and_the_Tramp","Saint_George","NBC","Paul_Simon_(politician)","Saint_Anne","James_Horace_King","James_Alexander_Lougheed","Ottawa_University","DuckTales","Keyano_College","National_Lottery_(United_Kingdom)","J._J._Thomson","Woodrow_Wilson","Gonville_and_Caius_College,_Cambridge","Hertford_College,_Oxford","Charles-Augustin_de_Coulomb","Lester_B._Pearson","Negus_Mine","St_Catharine's_College,_Cambridge","John_Kendrew","Miley_Cyrus","Huang_Ju","Empress_Matilda","Eddie_N._Robinson","Newnham_College_Boat_Club","A._M._M._Naushad","Iceman_(comics)","Exeter_College,_Oxford","Mount_Royal_University","Andrew_Huxley","Mars_Attacks","South_Asian_Association_for_Regional_Cooperation","Fitzwilliam_College,_Cambridge","Family","Peter_Pan","Augustin-Louis_Cauchy","Magdalene_College,_Cambridge","Mark_Latham","Merton_College,_Oxford","Henry_Hallett_Dale","Quality_of_life","OCAD_University","Aladdin_(1992_Disney_film)","Dinosaur","Jesus_College,_Cambridge","Archibald_Hill_Carmichael","Ronald_Reagan","Salmita_Mine","Jean-Charles_de_Borda","Tundra_Mine","Western_Kentucky_University","Paidi_Jairaj","NorQuest_College","American_Broadcasting_Company","Economic_Community_of_West_African_States","Robert_Swinhoe","Trent_University","Clare_College,_Cambridge","Pierre-Simon_Laplace","Lakehead_University","Hrishikesh_Mukherjee","Papua_New_Guinea","Darwin_College,_Kent","Lincoln_College,_Oxford","Brasenose_College,_Oxford","One_Hundred_and_One_Dalmatians","Francis_William_Aston","University_of_Toronto","Carleton_University","Interstate_Highway_System","Henry_VIII_of_England","Lethbridge_College","Transvestism","Durga_Khote","Richard_Schiff","Raaj_Kumar","Ptarmigan_and_Tom_Mine","Templeton_College,_Oxford","Royal_Military_College_of_Canada","A._V._Dicey","Winger_(ice_hockey)","Franklin_D._Roosevelt","Gordon_Darcy_Lilo","Portage_College","George_S._Patton","Wellington_Willoughby","Lata_Mangeshkar","Joshua_Malina","Outpost_Island_Mine","Wishart_McLea_Robertson","William_Ross_Macdonald","Tarzan","Alexander_Mackenzie_(composer)","Toronto_Telegram","Pendyala_Nageswara_Rao","Corpus_Christi_College,_Oxford","Girton_College,_Cambridge","Tony_Mamaluke","Duke_University","European_Economic_Area","Peterhouse,_Cambridge","Piezoelectricity","David_Mills_(TV_writer)","Daler_Mehndi","Murray_Edwards_College,_Cambridge","Martin_Sheen","Trinity_Hall,_Cambridge","Pierre_Trudeau","Mahasweta_Devi","Edmund_Campion","Gerald_Ford","Downing_College_Boat_Club","Laurentian_University","Albert_I_of_Germany","McMaster_University","Bud_Harrelson","Corpus_Christi_College,_Cambridge","Lazare_Carnot","Saint_Peter","Presidency_of_Bill_Clinton","Ahmadiyya","Less_Than_Jake","Lethbridge_Pronghorns","George_Paget_Thomson","Bond_girl","Washburn_University","Commonwealth_of_Independent_States","Two-front_war","Emmanuel_College_(Massachusetts)","Thomas_Becket","Who_Framed_Roger_Rabbit","Harold_Wilson","Rocky_Mountain_College","Double_agent","The_Jungle_Book_(1967_film)","The_Fox_and_the_Hound","Charles_Glover_Barkla","Newnham_College,_Cambridge","George_H._W._Bush","Indira_Gandhi","Naushad","Ruff_Ryders_Entertainment","Wolfson_College,_Cambridge","Tribune_Media_Services","University_of_Pennsylvania","Beauty_and_the_Beast_(1991_film)","American_City_Business_Journals","Mike_Patton","MRT_(Bangkok)","Shiromani_Akali_Dal","John_Kendrew_(inventor)","William_Benjamin_Ross","University_of_Guelph","Alexander_Campbell_(clergyman)","Dwight_D._Eisenhower","Noah","Pradeep_Kumar","Christ_Church,_Oxford","Kristin_Chenoweth","Charles_I_of_England","Peter_Pan_(1953_film)","World_War_I","Churchill_College_Boat_Club","Niels_Bohr","European_Union","Moulin_Rouge","Jews","Leopold_III_of_Belgium","Trade_union","Robinson_College,_Cambridge","Lisa_Simpson","Alexander_Mackenzie","Ekati_Diamond_Mine","Union_of_South_Africa","University_of_Lethbridge","Catherine_of_Alexandria","Prodrive","Wen_Jiabao","Red_Deer_College","Alfred_Johnson_Brooks","Jedi","Walter_Gilbert","Pankaj_Mullick","Castaway","Illustrator","Prithviraj_Kapoor","James_Brown","Homerton_College,_Cambridge","Caribbean_Community","Ernest_Walton","French_Connection","Low-cost_carrier","John_Abbott","Clare_Hall,_Cambridge","Grande_Prairie_Regional_College","Raoul_Dandurand","University_of_Waterloo","Majrooh_Sultanpuri","Erin_Brockovich","Prairie_Bible_Institute","Aston_Martin","Jimmy_Hoffa","Baronet","Pembroke_College,_Cambridge","Rocky_Mountain_College_of_Art_and_Design","Nipissing_University","Cerebro's_X-Men","Albert_II_of_Belgium","Teacher","Worcester_College,_Oxford","Girton_College_Boat_Club","Fantasia_Barrino","The_Many_Adventures_of_Winnie_the_Pooh","Mackenzie_Bowell","Downing_College,_Cambridge","Bertrand_Russell","V._Shantaram","Medicine_Hat_College","Anthony_of_Padua","Balliol_College,_Oxford","Louis_Philippe_I","Oliver_Mowat","Sohrab_Modi","Northern_Ontario_School_of_Medicine","Jesus_College,_Oxford","Athabasca_University","Bill_Clinton","Guelph_Gryphons","Brock_University","Snow_White_and_the_Seven_Dwarfs_(1937_film)","Allison_Janney","McMaster_Marauders","George_Derwent_Thomson","Harry_S._Truman","Dev_Anand","Evangel_University","Sydney_Chapman_(politician)","Strawberry_Girl","Brown_University","Brian_Josephson","Pembroke_College,_Oxford","College_football","European_Free_Trade_Association","Echo_Bay_Mines","Cross-dressing","Pinocchio_(1940_film)","Ashford_University","Charles_Swinhoe","Martin_Ryle","Liza_Minnelli","Amartya_Sen","Hilda_of_Whitby","Devika_Rani","Reflection_(physics)","The_Tale_of_Despereaux","History_of_Canadian_University_College","Thompson-Lundmark_Mine","Royal_Military_College_Paladins","Richard_Laurence_Millington_Synge","Ernest_Rutherford","Vacuum","Aviation","Armand_von_Nordmann","Lou_Henry_Hoover","Dilip_Tirkey","Churchill_College,_Cambridge","Lotus_Esprit_GT1","Leopold_I,_Holy_Roman_Emperor","Calgary_Dinos","Pyotr_Kapitsa","New_College,_Oxford","Wilfrid_Laurier_University","University_of_Calgary","Aaron_Klug","Harris_Manchester_College,_Oxford","New_Era_Party","Darwin_College,_Cambridge","Queens_Park_Rangers_F.C.","Cantung_Mine","Magdalen_College,_Oxford","Wu_Bangguo","Bhalji_Pendharkar","Lyndon_B._Johnson","John_Logie_Baird","Brother_Bear","Wolfgang_Amadeus_Mozart","Samuel_Beckett","Frederick_Gowland_Hopkins","Captain_America","Paul_Joseph_James_Martin","Brock_Badgers","Jack_Hall_(architect)","Akkineni_Nageswara_Rao","EFTA_Court","Kyle_Mills","Augustana_University_College","Lakeland_College_(Wisconsin)","Peter_Cartwright_(revivalist)","Kellogg_College,_Oxford","American_Jewish_Press_Association","Austen_Chamberlain","Mary_Poppins","Tangled","Donkey","Br'er_Fox_and_Br'er_Bear","All_Souls_College,_Oxford","Satyajit_Ray_Film_and_Television_Institute","Jayaprakash_Narayan","Richard_Adrian,_2nd_Baron_Adrian","Oriel_College,_Oxford","Parliament-Funkadelic","Elizabeth_II","NHK","Minnesota_Twins","John_Pople","Somerville_College,_Oxford","Economic_Community_of_West_African_States_Monitoring_Group","Mary_McCormack","Officer_(armed_forces)","Ruth_Mine","Subrahmanyan_Chandrasekhar","Sivaji_Ganesan","Ashok_Kumar","Alexander_Mackenzie_(explorer)","Sir_Oliver_Mowat_Collegiate_Institute","Northern_Alberta_Institute_of_Technology","Prajadhipok","Windsor_Lancers","Janel_Moloney","Michael_Meighen","Lyndon_B._Johnson_Space_Center","Abraham_Lincoln","John_Turner","Jesus","Yash_Raj_Films","John_Joseph_Connolly","Forward_(association_football)","Secretary_of_State_for_Business,_Innovation_and_Skills","Mercosur","Trinity_College,_Toronto","Satyajit_Ray","Frank_Serpico","Mansfield_College,_Oxford","Bart_Simpson","New_York_University","Bhumibol_Adulyadej","SAIT_Polytechnic","Association_of_Southeast_Asian_Nations","L._V._Prasad","Madeleine_Albright","Western_Ontario_Mustangs","Homer","Wolfson_College,_Oxford","Trinity_College,_Cambridge","Forrest_Gump_(character)","Bud_Black","Pinocchio_and_the_Emperor_of_the_Night","Golem","Jairaj_Phatak","Southern_African_Development_Community","University_of_Alberta","Owen_Willans_Richardson","Nitin_Bose","Kanan_Devi","Rajasulochana","Richard_I_of_England","Raichand_Boral","Nottingham_Trent_University","Dhirendra_Nath_Ganguly","Alberta_College_of_Art_and_Design","George_Clinton_(musician)","The_Rescuers","Star_Wars","Asia-Pacific_Economic_Cooperation","College_of_the_Holy_Cross","Billy_Bragg","Hugh_of_Lincoln","George_W._Bush","Wadham_College,_Oxford","Arthur_Meighen","Wu_Guanzheng","John_the_Baptist","The_Aristocats","Matchlock","Pinocchio","Luo_Gan","Paul_Martin","Richard_William_Scott","Knights_Hospitaller","Little_Saint_Hugh_of_Lincoln","The_Great_Mouse_Detective","Anthony_the_Great","Nuffield_College,_Oxford","Wilson_Bentley","The_Sword_in_the_Stone_(film)","Association_of_Vineyard_Churches","Toy_Story_3","Northern_Lakes_College","Albert_I_of_Belgium","Peter_Cartwright_(actor)","Neil_Armstrong","William_Lawrence_Bragg","Catherine,_Duchess_of_Cambridge"
"MilitaryPerson","St._George_Shoots_the_Dragon","World_War_II","Sir_Walter_Gilbert,_1st_Baronet","George_S._Patton","Two-front_war","World_War_I","Armand_von_Nordmann"
"Location","Democratic_Republic_of_the_Congo","Villa_Park","Cheltenham","Mystic_River","Smallwood_State_Park","Elk_Neck_State_Park","Interstate_196","Torrecillas_de_la_Tiesa","Dumbo,_Brooklyn","Hastings","Point_Lookout_State_Park","Nordic_countries","Poughkeepsie_Journal_Building","Herrington_Manor_State_Park","Rabbit_Hill_Snow_Resort","Monsters,_Inc._Laugh_Floor","African_Union","Janes_Island_State_Park","Apollo_11","Isle_of_Man","Maine","South_Asian_Association_for_Regional_Cooperation","Gambrill_State_Park","Seneca_Creek_State_Park","John_F._Kennedy_International_Airport","Lincoln_Memorial","Berkeley,_California","Papua_New_Guinea","Cunningham_Falls_State_Park","Philadelphia","Assateague_State_Park","Gran_Fiesta_Tour_Starring_The_Three_Caballeros","New_Germany_State_Park","Commonwealth_of_Independent_States","Salt_Lake_Stadium","Swallow_Falls_State_Park","Big_Run_State_Park","Greenbrier_State_Park","St._Catharines","Tundra_Mine/Salamita_Mine_Aerodrome","European_Union","Moulin_Rouge","Rocky_Gap_State_Park","Putnam_County,_New_York","Union_of_South_Africa","Gunpowder_Falls_State_Park","Little_Island,_Cork","St_Catharine's_Church,_Scholes","Art_Gallery_of_Sudbury","European_Free_Trade_Association","Pocomoke_River_State_Park","Martinak_State_Park","Susquehanna_State_Park_(Maryland)","Tuckahoe_State_Park","Patapsco_Valley_State_Park","Fort_Frederick_State_Park","Queens","Toronto_Pearson_International_Airport","Mercosur","Finding_Nemo_Submarine_Voyage","Association_of_Southeast_Asian_Nations","Irish_Sea","Southern_African_Development_Community","New_York_Amsterdam_News_Building","Kanchanaburi","Fredericton","Warsaw,_Indiana","Wall_Street","Docklands,_Victoria","Westminster_Abbey","Wartburg","Jhelum"
"Song","Frog_Went_A-Courting","Phir_Milenge_Chalte_Chalte","The_Lady_Is_a_Tramp"
"BroadcastNetwork","NBC","American_Broadcasting_Company","NHK"
"MusicalArtist","Democratic_Republic_of_the_Congo","Asha_Bhosle","Phil_Collins","Trina","Fancy_(singer)","Wretch_32","Miley_Cyrus","Papua_New_Guinea","Lata_Mangeshkar","Pendyala_Nageswara_Rao","Daler_Mehndi","Naushad","Mike_Patton","Moulin_Rouge","James_Brown","Majrooh_Sultanpuri","Fantasia_Barrino","George_Clinton_(musician)","Billy_Bragg"
"Town","Cheltenham","Hastings","Kanchanaburi"
"School","Northern_Ontario_School_of_Medicine","History_of_Canadian_University_College","Sir_Oliver_Mowat_Collegiate_Institute","College_of_the_Holy_Cross"
"Politician","Louis_St._Laurent","Ashok_Kumar_(British_politician)","Paul_Simon_(politician)","Lester_B._Pearson","A._M._M._Naushad","Ronald_Reagan","Wellington_Willoughby","Oliver_Mowat","Bill_Clinton","Sydney_Chapman_(politician)","Austen_Chamberlain","George_W._Bush","Paul_Martin"
"University","Middlesex_University","Concordia_Lutheran_Seminary","University_of_Western_Ontario","Bow_Valley_College","Niels_Bohr_Institute","University_of_Ontario_Institute_of_Technology","Lakeland_College_(Alberta)","State_University_of_New_York","Sidney_Sussex_College,_Cambridge","Selwyn_College,_Otago","CDI_College","University","Green_Templeton_College,_Oxford","York_University","Alberta_Bible_College","List_of_Honorary_Fellows_of_Keble_College,_Oxford","Emmanuel_College,_Cambridge","Ryerson_University","Hughes_Hall,_Cambridge","St_Edmund_Hall,_Oxford","St_Cross_College,_Oxford","Lucy_Cavendish_College,_Cambridge","Linacre_College,_Oxford","University_of_Ottawa","University_of_Windsor","Carleton_College","Keble_College,_Oxford","Selwyn_College,_Cambridge","Lady_Margaret_Hall,_Oxford","Ottawa_University","Keyano_College","Gonville_and_Caius_College,_Cambridge","Hertford_College,_Oxford","St_Catharine's_College,_Cambridge","Exeter_College,_Oxford","Mount_Royal_University","Fitzwilliam_College,_Cambridge","Magdalene_College,_Cambridge","Merton_College,_Oxford","OCAD_University","Jesus_College,_Cambridge","Western_Kentucky_University","NorQuest_College","Trent_University","Clare_College,_Cambridge","Lakehead_University","Darwin_College,_Kent","Lincoln_College,_Oxford","Brasenose_College,_Oxford","University_of_Toronto","Carleton_University","Lethbridge_College","Templeton_College,_Oxford","Royal_Military_College_of_Canada","Portage_College","Corpus_Christi_College,_Oxford","Girton_College,_Cambridge","Duke_University","Peterhouse,_Cambridge","Murray_Edwards_College,_Cambridge","Trinity_Hall,_Cambridge","Laurentian_University","McMaster_University","Corpus_Christi_College,_Cambridge","Washburn_University","Emmanuel_College_(Massachusetts)","Rocky_Mountain_College","Newnham_College,_Cambridge","Wolfson_College,_Cambridge","University_of_Pennsylvania","University_of_Guelph","Christ_Church,_Oxford","Robinson_College,_Cambridge","University_of_Lethbridge","Red_Deer_College","Homerton_College,_Cambridge","Clare_Hall,_Cambridge","Grande_Prairie_Regional_College","University_of_Waterloo","Prairie_Bible_Institute","Pembroke_College,_Cambridge","Rocky_Mountain_College_of_Art_and_Design","Nipissing_University","Worcester_College,_Oxford","Downing_College,_Cambridge","Medicine_Hat_College","Balliol_College,_Oxford","Jesus_College,_Oxford","Athabasca_University","Brock_University","Evangel_University","Brown_University","Pembroke_College,_Oxford","Ashford_University","Churchill_College,_Cambridge","New_College,_Oxford","Wilfrid_Laurier_University","University_of_Calgary","Harris_Manchester_College,_Oxford","Darwin_College,_Cambridge","Magdalen_College,_Oxford","Augustana_University_College","Lakeland_College_(Wisconsin)","Kellogg_College,_Oxford","All_Souls_College,_Oxford","Satyajit_Ray_Film_and_Television_Institute","Oriel_College,_Oxford","Somerville_College,_Oxford","Northern_Alberta_Institute_of_Technology","Trinity_College,_Toronto","Mansfield_College,_Oxford","New_York_University","SAIT_Polytechnic","Wolfson_College,_Oxford","Trinity_College,_Cambridge","University_of_Alberta","Nottingham_Trent_University","Alberta_College_of_Art_and_Design","College_of_the_Holy_Cross","Wadham_College,_Oxford","Nuffield_College,_Oxford","Northern_Lakes_College"
"Work","Chori_Chori","The_Twenty-One_Balloons","Queens_Tribune","St._George_Shoots_the_Dragon","Chori_Chori_Chupke_Chupke__Chori_Chori_Chupke_Chupke__1","Carry_On,_Mr._Bowditch","The_Spy_Who_Loved_Me_(film)","Death_of_a_Salesman_(1951_film)","Giant_Mine_(film)","The_Washington_Times","Jumanji_(TV_series)","Monsters,_Inc.","Batman_Returns","Bichhoo","Dumbo","Enemy_Lines:_Rebel_Dream","South_Park_(season_9)","About_Schmidt","Doctor_Zhivago_(film)","The_Prince_of_Tides","Summer_of_the_Swans","Mars_Attacks!","The_Hunchback_of_Notre_Dame_(1996_film)","The_Reluctant_Dragon_(film)","Where_the_Wild_Things_Are_(film)","Number_the_Stars","The_Journal_of_Commerce","Forrest_Gump","Cinderella,_or_the_Little_Glass_Slipper","The_Living_Daylights","El_Diario_La_Prensa","Short_story","Nine_Days_to_Christmas","Elmer_Gantry","Sarah,_Plain_and_Tall","Lisa_vs._Malibu_Stacy","Casino_Royale_(2006_film)","Emissary_of_the_Void","Homer_vs._Patty_and_Selma","The_Lion_in_Winter","Daily_Freeman","New_York_Press","CSI:_Crime_Scene_Investigation_(season_3)","Homer_the_Vigilante","Frog_Went_A-Courtin'_(book)","Coming_Home_(1978_film)","Spirited_Away","Bridge_to_Terabithia_(2007_film)","On_Golden_Pond_(1981_film)","Homer_the_Great","Reversal_of_Fortune_(2005_film)","Call_It_Courage","Toy_Story","Bradley_Whitford","Victory_Through_Air_Power_(film)","Adam_of_the_Road","Once_a_Mouse","Rifles_for_Watie","The_Wall_Street_Journal","Chori_Chori_Chupke_Chupke","Sylvester_and_the_Magic_Pebble","Live_and_Let_Die_(film)","Training_Day","You_Only_Live_Twice_(film)","The_Prince_of_Tides_(novel)","The_Boy_Who_Knew_Too_Much_(album)","My_Neighbor_Totoro","A_Wrinkle_in_Time_(film)","The_French_Connection_(film)","Mona_Lisa","The_Fox_and_the_Hound_(novel)","Bunty_Aur_Babli","The_Sun_(New_York)","Kabhi_Alvida_Naa_Kehna","Lincoln:_A_Photobiography","The_Final_Prophecy","The_Three_Caballeros","The_Stockard_Channing_Show","The_Little_Mermaid_(1989_film)","Born_on_the_Fourth_of_July","The_Black_Cauldron_(film)","The_News-Sentinel","The_Jewish_Press","The_Cat_Who_Went_to_Paris","TaleSpin","Mystic_River_(film)","Johnny_Tremain_(film)","The_Lion_King","Jaguar_XK","Enemy_Lines:_Rebel_Stand","Two_Dozen_and_One_Greyhounds","WWE_Heat","From_the_Mixed-Up_Files_of_Mrs._Basil_E._Frankweiler_(1973_film)","Kauno_diena","Treehouse_of_Horror_V","The_Song_and_Dance_Man","Miley_Jab_Hum_Tum","Edge_of_Victory:_Conquest","Chalte_Chalte_(2003_film)","Woodstock_Times","And_Maggie_Makes_Three","Greenbelt_News_Review","Serpico","Deep_Space_Homer","Dear_Mr._Henshaw","A_Wrinkle_in_Time","Hello_Brother_(1999_film)","The_Bridge_on_the_River_Kwai","The_Witch_of_Blackbird_Pond","Daily_Messenger","Sebastian_Cabot_(actor)","Separate_Tables_(film)","The_Rooster_Crows","White_Snow,_Bright_Snow","Island_of_the_Blue_Dolphins","Saludos_Amigos","Force_Heretic:_Remnant","Syracuse_New_Times","...And_Now_Miguel","Raja_Ki_Aayegi_Baraat_(TV_series)","Bambi","The_Virgin_Suicides_(film)","The_Hunchback_of_Notre-Dame","Har_Dil_Jo_Pyar_Karega","Lady_and_the_Tramp","Toronto_Star","The_Dark_Frigate","Where_the_Wild_Things_Are","Gay_Neck,_the_Story_of_a_Pigeon","Algemeiner_Journal","Frog_Went_A-Courting","Har_Dil_Jo_Pyar_Karega__Har_Dil_Jo_Pyar_Karega__1","DuckTales","Sati_Sulochana","The_Adventures_of_Ichabod_and_Mr._Toad","Erin_Brockovich_(film)","Invincible_Louisa","Boy-Scoutz_'n_the_Hood","The_Wheel_on_the_School","The_Hero_and_the_Crown","The_View_from_Saturday","Bridge_to_Terabithia_(novel)","Tomorrow_Never_Dies","Sideshow_Bob_Roberts","Grampa_vs._Sexual_Inadequacy","The_East_Hampton_Star","Bart_of_Darkness","The_Trumpeter_of_Krakow","Baboushka_and_the_Three_Kings","Chalo_Ishq_Ladaaye","Beauty_and_the_Beast_(musical)","Windows_Server_2003","Hoffa","The_Incredibles","Force_Heretic:_Reunion","Homer_and_Apu","The_Little_Mermaid","Little_House_on_the_Prairie","News_Review_Messenger","Aladdin_(1992_Disney_film)","Hey,_Al","The_Ithaca_Journal","The_New_York_Observer","The_Buffalo_News","Thimble_Summer","Paheli","Wellsville_Daily_Reporter","Rain_Man","To_Kill_a_Mockingbird","Song_of_the_South","One_Hundred_and_One_Dalmatians","Miss_Hickory","CSI:_Crime_Scene_Investigation_(season_7)","Scent_of_a_Woman_(1974_film)","Windows_NT","Reality_Bites","The_Voyages_of_Doctor_Dolittle","Homer_Loves_Flanders","Finding_Nemo","Lust_for_Life_(film)","Raja_Ki_Aayegi_Baraat","Magazine","To_Kill_a_Mockingbird_(film)","Joshua_Malina","The_Village_Voice","The_Saratogian","Kabhi_Khushi_Kabhie_Gham...","Treason","The_State_Journal-Register","Toronto_Telegram","Pashtunwali","Shen_of_the_Sea","Newsday","Tetris","Throw_Momma_from_the_Train","Joseph_Had_a_Little_Overcoat","King_of_the_Wind_(film)","Ox-Cart_Man","Born_on_the_Fourth_of_July_(film)","Shadow_of_a_Bull","King_of_the_Wind","The_News_Journal","Owl_Moon","Edge_of_Victory:_Rebirth","New_York_Post","Austin_Powers_in_Goldmember","Be_Cool","My_Friend_Rabbit","Avatar_(2009_film)","Chanticleer_and_the_Fox","Veer-Zaara","Always_Room_for_One_More","In_Rainbows","The_Biggest_Bear","Force_Heretic:_Refugee","Ashanti_to_Zulu","Who_Framed_Roger_Rabbit","Rocky_Mountain_College","The_Jungle_Book_(1967_film)","Tales_from_Silver_Lands","Roll_of_Thunder,_Hear_My_Cry","The_Fox_and_the_Hound","Mujhse_Dosti_Karoge!","One_Fine_Day_(film)","Cinderella","Winnie_the_Pooh_and_the_Honey_Tree","My_Friend_Rabbit__My_Friend_Rabbit__1","Lilies_of_the_Field_(1963_film)","Kuch_Kuch_Hota_Hai","The_Jungle_Book","Prayer_for_a_Child","Runaway_Train_(film)","Drummer_Hoff","Beauty_and_the_Beast_(1991_film)","Sleeping_Beauty","Times_Union_(Albany)","The_Lion_in_Winter_(1968_film)","Watertown_Daily_Times","L.A._Confidential_(film)","Death_of_a_Salesman","Song_and_Dance_Man","Encore_(Eminem_album)","Star-Gazette","Noah","The_National_Herald","Rabbit_Hill","Peter_Pan_(1953_film)","The_Hundred_and_One_Dalmatians","Windows_95","M._C._Higgins,_the_Great","Windows_98","Many_Moons_(song)","I,_Juan_de_Pareja","Times_Herald-Record","Goldfinger_(film)","China's_Best_Actor:_Wen_Jiabao","Windows_9x","Kramer_vs._Kramer","Citizen_Kane","My_Cousin_Vinny","May_I_Bring_a_Friend%3F","The_Grey_King","Maniac_Magee_(film)","Alice's_Adventures_in_Wonderland","For_Your_Eyes_Only_(film)","The_Sleeping_Beauty_(ballet)","Scent_of_a_Woman_(1992_film)","Up_a_Road_Slowly","Crispin:_The_Cross_of_Lead","So_You_Want_to_Be_President%3F","Pulp_magazine","American_Recovery_and_Reinvestment_Act_of_2009","Mrs._Frisby_and_the_Rats_of_NIMH","Leaving_Las_Vegas","New_Yorker_Staats-Zeitung","Staten_Island_Advance","Agents_of_Chaos:_Jedi_Eclipse","Agents_of_Chaos:_Hero's_Trial","Pyaar_Diwana_Hota_Hai","Ford_Mustang_Mach_1","A_Single_Shard","Dicey_Business","Treehouse_of_Horror_IV","Long_Island_Business_News","Snow_White","Kal_Ho_Naa_Ho","Jumanji","Saathiya_(film)","Call_It_Courage__The_Wonderful_World_of_Disney:_Call_it_Courage__1","The_World_Is_Not_Enough","Windows_2000","Ek_Nai_Paheli","Lisa_on_Ice","Ryerson_University_Entrepreneurship_Program","Dark_Tide:_Onslaught","The_Incredibles:_Rise_of_the_Underminer","Miracles_on_Maple_Hill","New_York_Amsterdam_News","A_Tree_Is_Nice","Make_Way_for_Ducklings","Time_of_Wonder","Batman_Returns_(video_game)","The_Reluctant_Dragon","The_Virgin_Suicides","Onion_John","Midwifery","Calcutta_Mail","The_Post-Journal","101_Dalmatians_(1996_film)","Caddie_Woodlawn","Niagara_Falls_Reporter","Julie_of_the_Wolves","The_Many_Adventures_of_Winnie_the_Pooh","A_Man_for_All_Seasons","A_Year_Down_Yonder","Out_of_the_Dust","Licence_to_Kill","Hey_Ram","The_Story_of_Mankind","The_Funny_Little_Woman","Queens_Chronicle","Hurricane_Katrina","New_York_World-Telegram","Alice_in_Wonderland_(2010_film)","A_Star_Is_Burns","Austin_Powers_in_Goldmember__Austin_Powers_in_Goldmember__1","Little_House_on_the_Prairie_(TV_series)","Smoky_the_Cowhorse","On_Golden_Pond_(play)","Snow_White_and_the_Seven_Dwarfs_(1937_film)","A_Man_for_All_Seasons_(1966_film)","Walk_Two_Moons","One_Flew_Over_the_Cuckoo_Clock","Strawberry_Girl","They_Were_Strong_and_Good","Windows_XP","Bart_vs._Australia","The_Story_of_Mankind_(film)","The_Times_(Little_Falls)","Pulp_Fiction","Bart_Gets_an_Elephant","Mirette_on_the_High_Wire","Arkansas_Democrat-Gazette","Pinocchio_(1940_film)","Marge_on_the_Lam","Vector_Prime","The_Tale_of_Despereaux","In_the_Heat_of_the_Night_(TV_series)","The_New_York_Times","Homer_Goes_to_College","Poughkeepsie_Journal","Doctor_Zhivago_(novel)","Kal_Ho_Naa_Ho__Kal_Ho_Naa_Ho__1","Homie_the_Clown","As_I_Am_(Kristin_Chenoweth_album)","European_Economic_Area_Family_Permit","The_Tale_of_Despereaux_(film)","The_Evening_Tribune_(Hornell)","Evening_Times","The_PTA_Disbands","Many_Moons","Secret_of_the_Andes","The_Tin_Men","The_Cat_Who_Went_to_Heaven","Douglas_County_News_(Sutherlin)","Hitty,_Her_First_Hundred_Years","Kansas_City_Journal-Post","High_Noon","Three_Lions","I'm_with_You_(album)","Snowflake_Bentley_(book)","The_Door_in_the_Wall","Brother_Bear","Secret_of_the_Andes_(film)","The_Baltimore_Sun","Amos_Fortune,_Free_Man","The_Snowy_Day","Tangled","One_Fine_Day_(song)","Secrets_of_a_Successful_Marriage","Bunty_Aur_Babli__Bunty_Aur_Babli__1","Octopussy_and_The_Living_Daylights","The_Man_with_the_Golden_Gun_(film)","Lockport_Union-Sun_&_Journal","Mary_Poppins_(film)","Dark_Tide:_Ruin","Balance_Point","Satyajit_Ray_Film_and_Television_Institute","Song_of_the_Swallows","Octopussy","Arrow_to_the_Sun","From_the_Mixed-Up_Files_of_Mrs._Basil_E._Frankweiler","True_Grit_(2010_film)","Stitch!_The_Movie","Nowy_Dziennik","Democrat_and_Chronicle","Lemon_of_Troy","Game_over","Burns'_Heir","The_Westing_Game","Der_Yid","Gotham_Gazette","Sam,_Bangs_and_Moonshine","Press-Republican","The_Big_Snow","Waterless_Mountain","The_Fool_of_the_World_and_the_Flying_Ship","Get_a_Clue_(1997_film)","Tin_Men","Hum_Tum","L.A._Confidential","The_Springfield_Connection","Homer_Badman","Fiji_Times","The_Matchlock_Gun","Rapunzel","One_Thousand_and_One_Nights","Ginger_Pye","Olean_Times_Herald","The_Last_Temptation_of_Homer","Kahin_Pyaar_Na_Ho_Jaaye_(2000_film)","Observer-Dispatch","Bas_Itna_Sa_Khwaab_Hai","Raging_Bull","The_Fool_of_the_World_and_the_Flying_Ship_(book)","GoldenEye","Mujhse_Dosti_Karoge!__Mujhse_Dosti_Karoge__1","Another_Simpsons_Clip_Show","Joyful_Noise:_Poems_for_Two_Voices","Pinocchio_and_the_Emperor_of_the_Night","Aladdin","The_Bronze_Bow","Niagara_Gazette","APEC_Australia_2007","Officer_Buckle_and_Gloria","Hello_Brother_(1994_film)","Missing_May","The_Post-Star","The_Unifying_Force","The_Boy_Who_Knew_Too_Much","Die_Another_Day","Get_Shorty_(film)","Riverdale_Review","The_Journal_News","Irish_Voice","Herald_Young_Leader","Young_Fu_of_the_Upper_Yangtze","Phir_Milenge_Chalte_Chalte","Caddie_Woodlawn_(musical)","Judgment_at_Nuremberg","The_Rescuers","Reversal_of_Fortune","Windows_Nashville","Sarah,_Plain_and_Tall_(film)","The_Hamilton_Spectator","Chanticleer_and_the_Fox_(book)","Sound_recording_and_reproduction","Jacob_Have_I_Loved","The_Girl_Who_Loved_Wild_Horses","Liberalisme_(anthology)","Cyrano_de_Bergerac_(play)","Johnny_Tremain","Cape_Feare","Command-line_interface","Victory_Through_Air_Power","Bart_Gets_Famous","Outrageous_Betrayal","Maniac_Magee","The_Aristocats","ECW_(WWE)","Financial_Times","Kronos_Quartet_discography","Duffy_and_the_Devil","The_Truman_Show","The_Lady_Is_a_Tramp","The_Great_Mouse_Detective","The_Post-Standard","The_Three_Pigs","The_Sword_in_the_Stone_(film)","Smoky_Night","Toy_Story_2","Toy_Story_3","The_Polar_Express_(film)","Elmer_Gantry_(film)","Service_star","The_Slave_Dancer","Henry_IV,_Part_1"
"Cleric","Saint_George","Saint_Anne","Edmund_Campion","Saint_Peter","Thomas_Becket","Noah","Catherine_of_Alexandria","Anthony_of_Padua","Hilda_of_Whitby","Aviation","Hugh_of_Lincoln","John_the_Baptist","Little_Saint_Hugh_of_Lincoln","Anthony_the_Great"
"Disease","Agoraphobia","Race_and_ethnicity_in_the_United_States_Census","Itch","Synesthesia"
"ArchitecturalStructure","Villa_Park","Interstate_196","Poughkeepsie_Journal_Building","Rabbit_Hill_Snow_Resort","Monsters,_Inc._Laugh_Floor","Isurium_Brigantum","The_Church_of_Jesus_Christ_of_Latter-day_Saints","John_F._Kennedy_International_Airport","Lincoln_Memorial","Trent_University","Gran_Fiesta_Tour_Starring_The_Three_Caballeros","Burwash_Mine","Salt_Lake_Stadium","Tundra_Mine/Salamita_Mine_Aerodrome","Moulin_Rouge","St_Catharine's_Church,_Scholes","Art_Gallery_of_Sudbury","Wharf","Steel_fence_post","Palace_of_Beaulieu","Track_(rail_transport)","Toronto_Pearson_International_Airport","Finding_Nemo_Submarine_Voyage","New_York_Amsterdam_News_Building","Wall_Street","College_Green","Westminster_Abbey","Wartburg"
"Place","Democratic_Republic_of_the_Congo","Villa_Park","Cheltenham","Mystic_River","Smallwood_State_Park","Elk_Neck_State_Park","Interstate_196","Torrecillas_de_la_Tiesa","Dumbo,_Brooklyn","White_Stag_Leadership_Development_Program","Venta_Silurum","Hastings","English_people","Point_Lookout_State_Park","Nordic_countries","Poughkeepsie_Journal_Building","Herrington_Manor_State_Park","Rabbit_Hill_Snow_Resort","Monsters,_Inc._Laugh_Floor","African_Union","Janes_Island_State_Park","Apollo_11","Isle_of_Man","Maine","South_Asian_Association_for_Regional_Cooperation","Isurium_Brigantum","The_Church_of_Jesus_Christ_of_Latter-day_Saints","Gambrill_State_Park","Seneca_Creek_State_Park","John_F._Kennedy_International_Airport","Lincoln_Memorial","Berkeley,_California","Trent_University","Mount_Sir_Mackenzie_Bowell","Papua_New_Guinea","Cunningham_Falls_State_Park","Philadelphia","Assateague_State_Park","Gran_Fiesta_Tour_Starring_The_Three_Caballeros","Mount_J._J._Thomson","Presidency_of_Ronald_Reagan","Low-pressure_area","Burwash_Mine","New_Germany_State_Park","Commonwealth_of_Independent_States","Salt_Lake_Stadium","Swallow_Falls_State_Park","Atlantis","Black_market","Discovery_Mine","Big_Run_State_Park","Greenbrier_State_Park","St._Catharines","Tundra_Mine/Salamita_Mine_Aerodrome","Galactic_Empire_(Star_Wars)","European_Union","Moulin_Rouge","Rocky_Gap_State_Park","Putnam_County,_New_York","Union_of_South_Africa","Gunpowder_Falls_State_Park","Little_Island,_Cork","St_Catharine's_Church,_Scholes","Venta_Belgarum","Art_Gallery_of_Sudbury","Monarchy_of_the_United_Kingdom","Durovernum_Cantiacorum","European_Free_Trade_Association","Wharf","Steel_fence_post","Pocomoke_River_State_Park","Palace_of_Beaulieu","Martinak_State_Park","Susquehanna_State_Park_(Maryland)","Corinium_Dobunnorum","Tuckahoe_State_Park","Patapsco_Valley_State_Park","Track_(rail_transport)","Fort_Frederick_State_Park","Queens","Toronto_Pearson_International_Airport","Coast","Mercosur","Finding_Nemo_Submarine_Voyage","Association_of_Southeast_Asian_Nations","Irish_Sea","Southern_African_Development_Community","Cape_Fear_(headland)","Isca_Dumnoniorum","New_York_Amsterdam_News_Building","Kanchanaburi","Fredericton","Warsaw,_Indiana","Wall_Street","Docklands,_Victoria","Viroconium_Cornoviorum","College_Green","Westminster_Abbey","Wartburg","Jhelum"
"SocietalEvent","World_War_II","Southern_African_Development_Community_intervention_in_Lesotho","Montreal_Screwjob","Copa_Mercosur","Chikara_High_Noon","Battle_of_Shiloh","Gold_mining","Boxer_Rebellion","Education","German_reunification","Fall_of_Saigon","Calleva_Atrebatum","Windows_Nashville","Beaulieu_Mine"
"Species","Surfbird","Winnie-the-Pooh","Oncoba_spinosa","Abies_nordmanniana","Insect","Twin","Sanderling","Dunlin","Horse","Arthropod","Ruff","Donkey","Whimbrel"
"Scientist","Alan_Lloyd_Hodgkin","Sydney_Chapman_(mathematician)","Archibald_Hill","Coenraad_Jacob_Temminck","J._J._Thomson","Charles-Augustin_de_Coulomb","John_Kendrew","Andrew_Huxley","Augustin-Louis_Cauchy","Henry_Hallett_Dale","Jean-Charles_de_Borda","Pierre-Simon_Laplace","Francis_William_Aston","George_Paget_Thomson","Charles_Glover_Barkla","Niels_Bohr","Walter_Gilbert","Ernest_Walton","Brian_Josephson","Martin_Ryle","Richard_Laurence_Millington_Synge","Pyotr_Kapitsa","Aaron_Klug","Frederick_Gowland_Hopkins","John_Pople","Subrahmanyan_Chandrasekhar","Owen_Willans_Richardson","William_Lawrence_Bragg"
"NaturalPlace","Mystic_River","Mount_Sir_Mackenzie_Bowell","Mount_J._J._Thomson","Irish_Sea"
"MemberOfParliament","Ashok_Kumar_(British_politician)","A._M._M._Naushad","Sydney_Chapman_(politician)"
"Economist","James_Meade","James_Mirrlees","Amartya_Sen"
"Event","World_War_II","Southern_African_Development_Community_intervention_in_Lesotho","Montreal_Screwjob","Copa_Mercosur","Chikara_High_Noon","Battle_of_Shiloh","Gold_mining","Boxer_Rebellion","Education","German_reunification","Fall_of_Saigon","Calleva_Atrebatum","Windows_Nashville","Beaulieu_Mine"
"VideoGame","Tetris","The_Incredibles:_Rise_of_the_Underminer","Batman_Returns_(video_game)"
"Group","Destiny's_Child","Philadelphia_Orchestra","Whipping_Boy_(Irish_band)","Cold_War_Kids","Family","Dinosaur","Economic_Community_of_West_African_States","Less_Than_Jake","Jews","Cross-dressing","Parliament-Funkadelic"
"FictionalCharacter","Vector_Prime_(Transformers)","Aquaman","Winnie-the-Pooh","Iceman_(comics)","Peter_Pan","Tarzan","Bond_girl","Lisa_Simpson","Jedi","Captain_America","Mary_Poppins","Br'er_Fox_and_Br'er_Bear","Bart_Simpson","Forrest_Gump_(character)","Golem","Pinocchio"
"Book","The_Twenty-One_Balloons","Carry_On,_Mr._Bowditch","Enemy_Lines:_Rebel_Dream","Summer_of_the_Swans","Number_the_Stars","Cinderella,_or_the_Little_Glass_Slipper","Nine_Days_to_Christmas","Elmer_Gantry","Sarah,_Plain_and_Tall","Emissary_of_the_Void","Frog_Went_A-Courtin'_(book)","Call_It_Courage","Adam_of_the_Road","Once_a_Mouse","Rifles_for_Watie","Sylvester_and_the_Magic_Pebble","The_Prince_of_Tides_(novel)","The_Fox_and_the_Hound_(novel)","Lincoln:_A_Photobiography","The_Final_Prophecy","Born_on_the_Fourth_of_July","The_Cat_Who_Went_to_Paris","Enemy_Lines:_Rebel_Stand","Edge_of_Victory:_Conquest","Dear_Mr._Henshaw","A_Wrinkle_in_Time","The_Witch_of_Blackbird_Pond","The_Rooster_Crows","White_Snow,_Bright_Snow","Island_of_the_Blue_Dolphins","Force_Heretic:_Remnant","...And_Now_Miguel","The_Hunchback_of_Notre-Dame","The_Dark_Frigate","Where_the_Wild_Things_Are","Gay_Neck,_the_Story_of_a_Pigeon","Invincible_Louisa","The_Wheel_on_the_School","The_Hero_and_the_Crown","The_View_from_Saturday","Bridge_to_Terabithia_(novel)","The_Trumpeter_of_Krakow","Baboushka_and_the_Three_Kings","Force_Heretic:_Reunion","Hey,_Al","Thimble_Summer","To_Kill_a_Mockingbird","Miss_Hickory","The_Voyages_of_Doctor_Dolittle","Shen_of_the_Sea","Joseph_Had_a_Little_Overcoat","Ox-Cart_Man","Shadow_of_a_Bull","King_of_the_Wind","Owl_Moon","Edge_of_Victory:_Rebirth","My_Friend_Rabbit","Chanticleer_and_the_Fox","Always_Room_for_One_More","The_Biggest_Bear","Force_Heretic:_Refugee","Ashanti_to_Zulu","Tales_from_Silver_Lands","Roll_of_Thunder,_Hear_My_Cry","The_Jungle_Book","Prayer_for_a_Child","Drummer_Hoff","Song_and_Dance_Man","Rabbit_Hill","The_Hundred_and_One_Dalmatians","M._C._Higgins,_the_Great","I,_Juan_de_Pareja","China's_Best_Actor:_Wen_Jiabao","May_I_Bring_a_Friend%3F","The_Grey_King","Alice's_Adventures_in_Wonderland","Up_a_Road_Slowly","Crispin:_The_Cross_of_Lead","So_You_Want_to_Be_President%3F","Mrs._Frisby_and_the_Rats_of_NIMH","Agents_of_Chaos:_Jedi_Eclipse","Agents_of_Chaos:_Hero's_Trial","A_Single_Shard","Dark_Tide:_Onslaught","Miracles_on_Maple_Hill","A_Tree_Is_Nice","Make_Way_for_Ducklings","Time_of_Wonder","The_Virgin_Suicides","Onion_John","Caddie_Woodlawn","Julie_of_the_Wolves","A_Year_Down_Yonder","Out_of_the_Dust","The_Story_of_Mankind","The_Funny_Little_Woman","Smoky_the_Cowhorse","Walk_Two_Moons","Strawberry_Girl","They_Were_Strong_and_Good","Mirette_on_the_High_Wire","Vector_Prime","The_Tale_of_Despereaux","Doctor_Zhivago_(novel)","European_Economic_Area_Family_Permit","Many_Moons","Secret_of_the_Andes","The_Tin_Men","The_Cat_Who_Went_to_Heaven","Hitty,_Her_First_Hundred_Years","Snowflake_Bentley_(book)","The_Door_in_the_Wall","Amos_Fortune,_Free_Man","The_Snowy_Day","Octopussy_and_The_Living_Daylights","Dark_Tide:_Ruin","Balance_Point","Song_of_the_Swallows","Arrow_to_the_Sun","From_the_Mixed-Up_Files_of_Mrs._Basil_E._Frankweiler","The_Westing_Game","Sam,_Bangs_and_Moonshine","The_Big_Snow","Waterless_Mountain","L.A._Confidential","The_Matchlock_Gun","Rapunzel","One_Thousand_and_One_Nights","Ginger_Pye","The_Fool_of_the_World_and_the_Flying_Ship_(book)","Joyful_Noise:_Poems_for_Two_Voices","The_Bronze_Bow","Officer_Buckle_and_Gloria","Missing_May","The_Unifying_Force","Young_Fu_of_the_Upper_Yangtze","Caddie_Woodlawn_(musical)","Chanticleer_and_the_Fox_(book)","Sound_recording_and_reproduction","Jacob_Have_I_Loved","The_Girl_Who_Loved_Wild_Horses","Liberalisme_(anthology)","Johnny_Tremain","Victory_Through_Air_Power","Outrageous_Betrayal","Maniac_Magee","Duffy_and_the_Devil","The_Three_Pigs","Smoky_Night","The_Slave_Dancer"
"Animal","Surfbird","Winnie-the-Pooh","Insect","Twin","Sanderling","Dunlin","Horse","Arthropod","Ruff","Donkey","Whimbrel"
"Mammal","Winnie-the-Pooh","Twin","Horse","Donkey"
"Play","The_Lion_in_Winter","Death_of_a_Salesman","A_Man_for_All_Seasons","On_Golden_Pond_(play)","Cyrano_de_Bergerac_(play)","Henry_IV,_Part_1"
"Royalty","Leopold_II_of_Belgium","Albert_II,_Prince_of_Monaco","Leopold_II,_Holy_Roman_Emperor","Queen_Victoria","Ananda_Mahidol","Vajiravudh","Baudouin_of_Belgium","Mongkut","Empress_Matilda","Henry_VIII_of_England","Albert_I_of_Germany","Charles_I_of_England","Leopold_III_of_Belgium","Albert_II_of_Belgium","Louis_Philippe_I","Leopold_I,_Holy_Roman_Emperor","Elizabeth_II","Prajadhipok","Bhumibol_Adulyadej","Richard_I_of_England","Albert_I_of_Belgium","Catherine,_Duchess_of_Cambridge"
"Device","Diavik_Diamond_Mine","Giant_Mine","Windows_XP","Con_Mine","Excalibur","The_Polar_Express_(film)"
"Organisation","Middlesex_University","Concordia_Lutheran_Seminary","University_of_Western_Ontario","Bow_Valley_College","Niels_Bohr_Institute","University_of_Ontario_Institute_of_Technology","Lakeland_College_(Alberta)","State_University_of_New_York","Sidney_Sussex_College,_Cambridge","Selwyn_College,_Otago","CDI_College","Destiny's_Child","New_York_Press","Wildfire","University","Philadelphia_Orchestra","Green_Templeton_College,_Oxford","Supersessionism","York_University","White_Stag_Leadership_Development_Program","Alberta_Bible_College","Oliver_Typewriter_Company","Whipping_Boy_(Irish_band)","List_of_Honorary_Fellows_of_Keble_College,_Oxford","European_Commission","Central_European_Free_Trade_Agreement","Emmanuel_College,_Cambridge","List_of_assets_owned_by_Village_Voice_Media","Ryerson_University","Hughes_Hall,_Cambridge","St_Edmund_Hall,_Oxford","Crain_Communications","St_Cross_College,_Oxford","Lucy_Cavendish_College,_Cambridge","Linacre_College,_Oxford","University_of_Ontario_Institute_of_Technology_Ridgebacks","Cold_War_Kids","University_of_Ottawa","University_of_Windsor","Carleton_College","Keble_College,_Oxford","North_American_Free_Trade_Agreement","Selwyn_College,_Cambridge","Lady_Margaret_Hall,_Oxford","African_Union","NBC","Ottawa_University","Keyano_College","National_Lottery_(United_Kingdom)","Gonville_and_Caius_College,_Cambridge","Hertford_College,_Oxford","St_Catharine's_College,_Cambridge","Newnham_College_Boat_Club","Exeter_College,_Oxford","Mount_Royal_University","South_Asian_Association_for_Regional_Cooperation","Fitzwilliam_College,_Cambridge","Family","Magdalene_College,_Cambridge","Merton_College,_Oxford","Quality_of_life","OCAD_University","Dinosaur","Jesus_College,_Cambridge","Western_Kentucky_University","NorQuest_College","American_Broadcasting_Company","Economic_Community_of_West_African_States","Trent_University","Clare_College,_Cambridge","Lakehead_University","Darwin_College,_Kent","Lincoln_College,_Oxford","Brasenose_College,_Oxford","University_of_Toronto","Carleton_University","Interstate_Highway_System","Lethbridge_College","Transvestism","Ptarmigan_and_Tom_Mine","Templeton_College,_Oxford","Royal_Military_College_of_Canada","Portage_College","Toronto_Telegram","Corpus_Christi_College,_Oxford","Girton_College,_Cambridge","Duke_University","European_Economic_Area","Peterhouse,_Cambridge","Murray_Edwards_College,_Cambridge","Trinity_Hall,_Cambridge","Downing_College_Boat_Club","Laurentian_University","McMaster_University","Corpus_Christi_College,_Cambridge","Presidency_of_Bill_Clinton","Ahmadiyya","Less_Than_Jake","Lethbridge_Pronghorns","Washburn_University","Commonwealth_of_Independent_States","Emmanuel_College_(Massachusetts)","Rocky_Mountain_College","Newnham_College,_Cambridge","Ruff_Ryders_Entertainment","Wolfson_College,_Cambridge","Tribune_Media_Services","University_of_Pennsylvania","American_City_Business_Journals","MRT_(Bangkok)","Shiromani_Akali_Dal","University_of_Guelph","Christ_Church,_Oxford","Churchill_College_Boat_Club","European_Union","Jews","Trade_union","Robinson_College,_Cambridge","Union_of_South_Africa","University_of_Lethbridge","Prodrive","Red_Deer_College","Homerton_College,_Cambridge","Caribbean_Community","French_Connection","Low-cost_carrier","Clare_Hall,_Cambridge","Grande_Prairie_Regional_College","University_of_Waterloo","Prairie_Bible_Institute","Aston_Martin","Pembroke_College,_Cambridge","Rocky_Mountain_College_of_Art_and_Design","Nipissing_University","Cerebro's_X-Men","Worcester_College,_Oxford","Girton_College_Boat_Club","Downing_College,_Cambridge","Medicine_Hat_College","Balliol_College,_Oxford","Northern_Ontario_School_of_Medicine","Jesus_College,_Oxford","Athabasca_University","Guelph_Gryphons","Brock_University","McMaster_Marauders","Evangel_University","Brown_University","Pembroke_College,_Oxford","European_Free_Trade_Association","Echo_Bay_Mines","Cross-dressing","Ashford_University","Reflection_(physics)","History_of_Canadian_University_College","Royal_Military_College_Paladins","Churchill_College,_Cambridge","Lotus_Esprit_GT1","Calgary_Dinos","New_College,_Oxford","Wilfrid_Laurier_University","University_of_Calgary","Harris_Manchester_College,_Oxford","New_Era_Party","Darwin_College,_Cambridge","Queens_Park_Rangers_F.C.","Magdalen_College,_Oxford","Brock_Badgers","EFTA_Court","Augustana_University_College","Lakeland_College_(Wisconsin)","Kellogg_College,_Oxford","American_Jewish_Press_Association","All_Souls_College,_Oxford","Satyajit_Ray_Film_and_Television_Institute","Oriel_College,_Oxford","Parliament-Funkadelic","NHK","Minnesota_Twins","Somerville_College,_Oxford","Economic_Community_of_West_African_States_Monitoring_Group","Sir_Oliver_Mowat_Collegiate_Institute","Northern_Alberta_Institute_of_Technology","Windsor_Lancers","Lyndon_B._Johnson_Space_Center","Yash_Raj_Films","Mercosur","Trinity_College,_Toronto","Mansfield_College,_Oxford","New_York_University","SAIT_Polytechnic","Association_of_Southeast_Asian_Nations","Western_Ontario_Mustangs","Wolfson_College,_Oxford","Trinity_College,_Cambridge","Southern_African_Development_Community","University_of_Alberta","Nottingham_Trent_University","Alberta_College_of_Art_and_Design","Star_Wars","Asia-Pacific_Economic_Cooperation","College_of_the_Holy_Cross","Wadham_College,_Oxford","Matchlock","Knights_Hospitaller","Nuffield_College,_Oxford","Association_of_Vineyard_Churches","Northern_Lakes_College"
"ProtectedArea","Smallwood_State_Park","Elk_Neck_State_Park","Point_Lookout_State_Park","Herrington_Manor_State_Park","Janes_Island_State_Park","Gambrill_State_Park","Seneca_Creek_State_Park","Cunningham_Falls_State_Park","Assateague_State_Park","New_Germany_State_Park","Swallow_Falls_State_Park","Big_Run_State_Park","Greenbrier_State_Park","Rocky_Gap_State_Park","Gunpowder_Falls_State_Park","Pocomoke_River_State_Park","Martinak_State_Park","Susquehanna_State_Park_(Maryland)","Tuckahoe_State_Park","Patapsco_Valley_State_Park","Fort_Frederick_State_Park"
"TopicalConcept","Roller_skates","Sonar","Fable"
"TelevisionEpisode","Lisa_vs._Malibu_Stacy","Homer_vs._Patty_and_Selma","Homer_the_Vigilante","Homer_the_Great","Two_Dozen_and_One_Greyhounds","Treehouse_of_Horror_V","And_Maggie_Makes_Three","Deep_Space_Homer","Boy-Scoutz_'n_the_Hood","Sideshow_Bob_Roberts","Grampa_vs._Sexual_Inadequacy","Bart_of_Darkness","Homer_and_Apu","Homer_Loves_Flanders","Treehouse_of_Horror_IV","Lisa_on_Ice","A_Star_Is_Burns","One_Flew_Over_the_Cuckoo_Clock","Bart_vs._Australia","Bart_Gets_an_Elephant","Marge_on_the_Lam","Homer_Goes_to_College","Homie_the_Clown","The_PTA_Disbands","Secrets_of_a_Successful_Marriage","Lemon_of_Troy","Burns'_Heir","The_Springfield_Connection","Homer_Badman","The_Last_Temptation_of_Homer","Another_Simpsons_Clip_Show","The_Boy_Who_Knew_Too_Much","Cape_Feare","Bart_Gets_Famous"
"Person","Li_Changchun","St._George_Shoots_the_Dragon","Democratic_Republic_of_the_Congo","Daniel_Boone","Jumanji_(TV_series)","Ahmad_Alamolhoda","Leopold_II_of_Belgium","Albert_II,_Prince_of_Monaco","Dumbo","Louis_St._Laurent","Dilip_Kumar","World_War_II","The_Hunchback_of_Notre_Dame_(1996_film)","Asha_Bhosle","The_Reluctant_Dragon_(film)","Alan_Lloyd_Hodgkin","Vector_Prime_(Transformers)","Leopold_II,_Holy_Roman_Emperor","Heath_Ledger","Phil_Collins","Jimmy_Smits","William_Lyon_Mackenzie_King","Sydney_Chapman_(mathematician)","Queen_Victoria","Ananda_Mahidol","James_Meade","Li_Xiannian","Jia_Qinglin","Hu_Jintao","Bradley_Whitford","Jimmy_Carter","Michael_J._Fox","Vajiravudh","Archibald_Hill","Baldev_Raj_Chopra","Mona_Lisa","Oliver_Ditson","Sebastian_Cabot_(explorer)","Ashok_Kumar_(British_politician)","The_Three_Caballeros","Leopold_III,_Duke_of_Austria","The_Little_Mermaid_(1989_film)","Yash_Chopra","Sir_Walter_Gilbert,_1st_Baronet","Bhupen_Hazarika","The_Black_Cauldron_(film)","Rajkumar_Santoshi","Wilfrid_Laurier","James_Mirrlees","Carmine_Galante","Baudouin_of_Belgium","Zeng_Qinghong","Luc_Letellier_de_St-Just","The_Lion_King","Whipping_boy","Trina","Raj_Kapoor","Mongkut","Eleanor_Roosevelt","Alan_Alda","David_Mamet","Lisa_Kelly_(trucker)","Herbert_Hoover","John_Thomas_Haig","Fancy_(singer)","Rosetta_Stone","Francis_Ford_Coppola","Sebastian_Cabot_(actor)","Aquaman","Robin_Hood","Mary_(mother_of_Jesus)","Bambi","Winnie-the-Pooh","Coenraad_Jacob_Temminck","Stockard_Channing","Wretch_32","Lady_and_the_Tramp","Saint_George","Paul_Simon_(politician)","Saint_Anne","James_Horace_King","James_Alexander_Lougheed","DuckTales","J._J._Thomson","Woodrow_Wilson","Charles-Augustin_de_Coulomb","Lester_B._Pearson","Negus_Mine","John_Kendrew","Miley_Cyrus","Huang_Ju","Empress_Matilda","Eddie_N._Robinson","A._M._M._Naushad","Iceman_(comics)","Andrew_Huxley","Mars_Attacks","Peter_Pan","Augustin-Louis_Cauchy","Mark_Latham","Henry_Hallett_Dale","Aladdin_(1992_Disney_film)","Archibald_Hill_Carmichael","Ronald_Reagan","Salmita_Mine","Jean-Charles_de_Borda","Tundra_Mine","Paidi_Jairaj","Robert_Swinhoe","Pierre-Simon_Laplace","Hrishikesh_Mukherjee","Papua_New_Guinea","One_Hundred_and_One_Dalmatians","Francis_William_Aston","Henry_VIII_of_England","Durga_Khote","Richard_Schiff","Raaj_Kumar","A._V._Dicey","Winger_(ice_hockey)","Franklin_D._Roosevelt","Gordon_Darcy_Lilo","George_S._Patton","Wellington_Willoughby","Lata_Mangeshkar","Joshua_Malina","Outpost_Island_Mine","Wishart_McLea_Robertson","William_Ross_Macdonald","Tarzan","Alexander_Mackenzie_(composer)","Pendyala_Nageswara_Rao","Tony_Mamaluke","Piezoelectricity","David_Mills_(TV_writer)","Daler_Mehndi","Martin_Sheen","Pierre_Trudeau","Mahasweta_Devi","Edmund_Campion","Gerald_Ford","Albert_I_of_Germany","Bud_Harrelson","Lazare_Carnot","Saint_Peter","George_Paget_Thomson","Bond_girl","Two-front_war","Thomas_Becket","Who_Framed_Roger_Rabbit","Harold_Wilson","Double_agent","The_Jungle_Book_(1967_film)","The_Fox_and_the_Hound","Charles_Glover_Barkla","George_H._W._Bush","Indira_Gandhi","Naushad","Beauty_and_the_Beast_(1991_film)","Mike_Patton","John_Kendrew_(inventor)","William_Benjamin_Ross","Alexander_Campbell_(clergyman)","Dwight_D._Eisenhower","Noah","Pradeep_Kumar","Kristin_Chenoweth","Charles_I_of_England","Peter_Pan_(1953_film)","World_War_I","Niels_Bohr","Moulin_Rouge","Leopold_III_of_Belgium","Lisa_Simpson","Alexander_Mackenzie","Catherine_of_Alexandria","Wen_Jiabao","Alfred_Johnson_Brooks","Jedi","Walter_Gilbert","Pankaj_Mullick","Castaway","Illustrator","Prithviraj_Kapoor","James_Brown","Ernest_Walton","John_Abbott","Raoul_Dandurand","Majrooh_Sultanpuri","Erin_Brockovich","Prairie_Bible_Institute","Jimmy_Hoffa","Baronet","Rocky_Mountain_College_of_Art_and_Design","Albert_II_of_Belgium","Teacher","Fantasia_Barrino","The_Many_Adventures_of_Winnie_the_Pooh","Mackenzie_Bowell","Bertrand_Russell","V._Shantaram","Anthony_of_Padua","Louis_Philippe_I","Oliver_Mowat","Sohrab_Modi","Bill_Clinton","Snow_White_and_the_Seven_Dwarfs_(1937_film)","Allison_Janney","George_Derwent_Thomson","Harry_S._Truman","Dev_Anand","Sydney_Chapman_(politician)","Strawberry_Girl","Brian_Josephson","College_football","Pinocchio_(1940_film)","Charles_Swinhoe","Martin_Ryle","Liza_Minnelli","Amartya_Sen","Hilda_of_Whitby","Devika_Rani","The_Tale_of_Despereaux","Thompson-Lundmark_Mine","Richard_Laurence_Millington_Synge","Ernest_Rutherford","Vacuum","Aviation","Armand_von_Nordmann","Lou_Henry_Hoover","Dilip_Tirkey","Leopold_I,_Holy_Roman_Emperor","Pyotr_Kapitsa","Aaron_Klug","Cantung_Mine","Wu_Bangguo","Bhalji_Pendharkar","Lyndon_B._Johnson","John_Logie_Baird","Brother_Bear","Wolfgang_Amadeus_Mozart","Samuel_Beckett","Frederick_Gowland_Hopkins","Captain_America","Paul_Joseph_James_Martin","Jack_Hall_(architect)","Akkineni_Nageswara_Rao","Kyle_Mills","Peter_Cartwright_(revivalist)","Austen_Chamberlain","Mary_Poppins","Tangled","Donkey","Br'er_Fox_and_Br'er_Bear","Jayaprakash_Narayan","Richard_Adrian,_2nd_Baron_Adrian","Elizabeth_II","John_Pople","Mary_McCormack","Officer_(armed_forces)","Ruth_Mine","Subrahmanyan_Chandrasekhar","Sivaji_Ganesan","Ashok_Kumar","Alexander_Mackenzie_(explorer)","Prajadhipok","Janel_Moloney","Michael_Meighen","Abraham_Lincoln","John_Turner","Jesus","John_Joseph_Connolly","Forward_(association_football)","Secretary_of_State_for_Business,_Innovation_and_Skills","Satyajit_Ray","Frank_Serpico","Bart_Simpson","Bhumibol_Adulyadej","L._V._Prasad","Madeleine_Albright","Homer","Forrest_Gump_(character)","Bud_Black","Pinocchio_and_the_Emperor_of_the_Night","Golem","Jairaj_Phatak","Owen_Willans_Richardson","Nitin_Bose","Kanan_Devi","Rajasulochana","Richard_I_of_England","Raichand_Boral","Dhirendra_Nath_Ganguly","George_Clinton_(musician)","The_Rescuers","Billy_Bragg","Hugh_of_Lincoln","George_W._Bush","Arthur_Meighen","Wu_Guanzheng","John_the_Baptist","The_Aristocats","Pinocchio","Luo_Gan","Paul_Martin","Richard_William_Scott","Little_Saint_Hugh_of_Lincoln","The_Great_Mouse_Detective","Anthony_the_Great","Wilson_Bentley","The_Sword_in_the_Stone_(film)","Toy_Story_3","Albert_I_of_Belgium","Peter_Cartwright_(actor)","Neil_Armstrong","William_Lawrence_Bragg","Catherine,_Duchess_of_Cambridge"
"Broadcaster","NBC","Quality_of_life","American_Broadcasting_Company","Interstate_Highway_System","Lotus_Esprit_GT1","NHK"
"OfficeHolder","Li_Changchun","William_Lyon_Mackenzie_King","Li_Xiannian","Jia_Qinglin","Hu_Jintao","Jimmy_Carter","Wilfrid_Laurier","Zeng_Qinghong","Luc_Letellier_de_St-Just","Eleanor_Roosevelt","Herbert_Hoover","James_Alexander_Lougheed","Woodrow_Wilson","Huang_Ju","Mark_Latham","Franklin_D._Roosevelt","Gordon_Darcy_Lilo","William_Ross_Macdonald","Pierre_Trudeau","Gerald_Ford","Lazare_Carnot","Harold_Wilson","George_H._W._Bush","Indira_Gandhi","William_Benjamin_Ross","Dwight_D._Eisenhower","Wen_Jiabao","John_Abbott","Raoul_Dandurand","Mackenzie_Bowell","Harry_S._Truman","Ernest_Rutherford","Lou_Henry_Hoover","Dilip_Tirkey","Wu_Bangguo","Lyndon_B._Johnson","Paul_Joseph_James_Martin","Michael_Meighen","Abraham_Lincoln","John_Turner","Madeleine_Albright","Arthur_Meighen","Wu_Guanzheng","Luo_Gan","Richard_William_Scott"
"Software","Windows_Server_2003","Windows_NT","Tetris","The_National_Herald","Windows_95","Windows_98","Windows_9x","American_Recovery_and_Reinvestment_Act_of_2009","Ford_Mustang_Mach_1","Windows_2000","The_Incredibles:_Rise_of_the_Underminer","Batman_Returns_(video_game)","Windows_XP","Game_over","Windows_Nashville","Command-line_interface"
"TelevisionShow","Giant_Mine_(film)","Jumanji_(TV_series)","Reversal_of_Fortune_(2005_film)","A_Wrinkle_in_Time_(film)","The_Stockard_Channing_Show","TaleSpin","Jaguar_XK","WWE_Heat","Miley_Jab_Hum_Tum","Raja_Ki_Aayegi_Baraat_(TV_series)","DuckTales","Little_House_on_the_Prairie","My_Friend_Rabbit__My_Friend_Rabbit__1","Maniac_Magee_(film)","Dicey_Business","Call_It_Courage__The_Wonderful_World_of_Disney:_Call_it_Courage__1","Ryerson_University_Entrepreneurship_Program","Little_House_on_the_Prairie_(TV_series)","In_the_Heat_of_the_Night_(TV_series)","Get_a_Clue_(1997_film)","APEC_Australia_2007","Sarah,_Plain_and_Tall_(film)","ECW_(WWE)"
"College","Sidney_Sussex_College,_Cambridge","Green_Templeton_College,_Oxford","Emmanuel_College,_Cambridge","Hughes_Hall,_Cambridge","St_Edmund_Hall,_Oxford","St_Cross_College,_Oxford","Lucy_Cavendish_College,_Cambridge","Linacre_College,_Oxford","Keble_College,_Oxford","Selwyn_College,_Cambridge","Lady_Margaret_Hall,_Oxford","Gonville_and_Caius_College,_Cambridge","Hertford_College,_Oxford","St_Catharine's_College,_Cambridge","Exeter_College,_Oxford","Fitzwilliam_College,_Cambridge","Magdalene_College,_Cambridge","Merton_College,_Oxford","Jesus_College,_Cambridge","Clare_College,_Cambridge","Lincoln_College,_Oxford","Brasenose_College,_Oxford","Templeton_College,_Oxford","Corpus_Christi_College,_Oxford","Girton_College,_Cambridge","Peterhouse,_Cambridge","Murray_Edwards_College,_Cambridge","Trinity_Hall,_Cambridge","Corpus_Christi_College,_Cambridge","Newnham_College,_Cambridge","Wolfson_College,_Cambridge","Christ_Church,_Oxford","Robinson_College,_Cambridge","Homerton_College,_Cambridge","Clare_Hall,_Cambridge","Pembroke_College,_Cambridge","Worcester_College,_Oxford","Downing_College,_Cambridge","Balliol_College,_Oxford","Jesus_College,_Oxford","Pembroke_College,_Oxford","Churchill_College,_Cambridge","New_College,_Oxford","Harris_Manchester_College,_Oxford","Darwin_College,_Cambridge","Magdalen_College,_Oxford","Kellogg_College,_Oxford","All_Souls_College,_Oxford","Oriel_College,_Oxford","Somerville_College,_Oxford","Mansfield_College,_Oxford","Wolfson_College,_Oxford","Trinity_College,_Cambridge","Wadham_College,_Oxford","Nuffield_College,_Oxford"
"Settlement","Cheltenham","Torrecillas_de_la_Tiesa","Dumbo,_Brooklyn","Venta_Silurum","Hastings","Nordic_countries","Berkeley,_California","Philadelphia","Low-pressure_area","Discovery_Mine","St._Catharines","Little_Island,_Cork","Venta_Belgarum","Durovernum_Cantiacorum","Corinium_Dobunnorum","Queens","Isca_Dumnoniorum","Kanchanaburi","Fredericton","Warsaw,_Indiana","Docklands,_Victoria","Viroconium_Cornoviorum","Jhelum"
"Album","Chori_Chori_Chupke_Chupke__Chori_Chori_Chupke_Chupke__1","The_Boy_Who_Knew_Too_Much_(album)","Har_Dil_Jo_Pyar_Karega__Har_Dil_Jo_Pyar_Karega__1","In_Rainbows","Encore_(Eminem_album)","Austin_Powers_in_Goldmember__Austin_Powers_in_Goldmember__1","Kal_Ho_Naa_Ho__Kal_Ho_Naa_Ho__1","As_I_Am_(Kristin_Chenoweth_album)","I'm_with_You_(album)","Bunty_Aur_Babli__Bunty_Aur_Babli__1","Mujhse_Dosti_Karoge!__Mujhse_Dosti_Karoge__1"
"City","Berkeley,_California","Philadelphia","St._Catharines","Queens","Fredericton","Warsaw,_Indiana","Jhelum"
"MilitaryConflict","World_War_II","Southern_African_Development_Community_intervention_in_Lesotho","Montreal_Screwjob","Battle_of_Shiloh","Boxer_Rebellion","Fall_of_Saigon","Calleva_Atrebatum","Windows_Nashville","Beaulieu_Mine"
"Automobile","Chevrolet_Corvette","Jaguar_XK","Mercury_Villager","Eleanor_(automobile)","Lotus_Esprit","Chevrolet_Corvette_C6.R","Ford_Mustang_Mach_1","Jaguar_XK_(X150)"
"Writer","David_Mamet","Mars_Attacks","David_Mills_(TV_writer)","Mahasweta_Devi","Samuel_Beckett"
"PrimeMinister","Louis_St._Laurent","Lester_B._Pearson","Wellington_Willoughby","Paul_Martin"
"MeanOfTransportation","Noah's_Ark","Chevrolet_Corvette","Jaguar_XK","Mercury_Villager","Eleanor_(automobile)","SS_Norlom","Lotus_Esprit","Lockheed_C-130_Hercules","Chevrolet_Corvette_C6.R","Mitsubishi_A6M_Zero","Ford_Mustang_Mach_1","Jaguar_XK_(X150)","USS_Surfbird_(AM-383)"
"PersonFunction","V._Shantaram__1","Allison_Janney__1","Alan_Alda__1","Pankaj_Mullick__1","Martin_Sheen__1","Richard_Schiff__1","Nitin_Bose__1","Joshua_Malina__1","Mary_McCormack__1","Durga_Khote__1","Kanan_Devi__1","Bradley_Whitford__1"
"Band","Destiny's_Child","Philadelphia_Orchestra","Whipping_Boy_(Irish_band)","Cold_War_Kids","Family","Dinosaur","Economic_Community_of_West_African_States","Less_Than_Jake","Jews","Cross-dressing","Parliament-Funkadelic"
"President","Ronald_Reagan","Bill_Clinton","George_W._Bush"
"Athlete","Tony_Mamaluke","Bud_Harrelson","Prairie_Bible_Institute","College_football","Dilip_Tirkey","Kyle_Mills","Bud_Black"
"Weapon","Diavik_Diamond_Mine","Giant_Mine","Con_Mine","Excalibur"
"ComicsCharacter","Aquaman","Iceman_(comics)","Captain_America"
"WrittenWork","The_Twenty-One_Balloons","Queens_Tribune","Carry_On,_Mr._Bowditch","The_Washington_Times","Enemy_Lines:_Rebel_Dream","Summer_of_the_Swans","Number_the_Stars","The_Journal_of_Commerce","Cinderella,_or_the_Little_Glass_Slipper","El_Diario_La_Prensa","Nine_Days_to_Christmas","Elmer_Gantry","Sarah,_Plain_and_Tall","Emissary_of_the_Void","The_Lion_in_Winter","Daily_Freeman","New_York_Press","Frog_Went_A-Courtin'_(book)","Call_It_Courage","Adam_of_the_Road","Once_a_Mouse","Rifles_for_Watie","The_Wall_Street_Journal","Sylvester_and_the_Magic_Pebble","The_Prince_of_Tides_(novel)","The_Fox_and_the_Hound_(novel)","The_Sun_(New_York)","Lincoln:_A_Photobiography","The_Final_Prophecy","Born_on_the_Fourth_of_July","The_News-Sentinel","The_Jewish_Press","The_Cat_Who_Went_to_Paris","Enemy_Lines:_Rebel_Stand","Kauno_diena","Edge_of_Victory:_Conquest","Woodstock_Times","Greenbelt_News_Review","Dear_Mr._Henshaw","A_Wrinkle_in_Time","The_Witch_of_Blackbird_Pond","Daily_Messenger","The_Rooster_Crows","White_Snow,_Bright_Snow","Island_of_the_Blue_Dolphins","Force_Heretic:_Remnant","Syracuse_New_Times","...And_Now_Miguel","The_Hunchback_of_Notre-Dame","Toronto_Star","The_Dark_Frigate","Where_the_Wild_Things_Are","Gay_Neck,_the_Story_of_a_Pigeon","Algemeiner_Journal","Invincible_Louisa","The_Wheel_on_the_School","The_Hero_and_the_Crown","The_View_from_Saturday","Bridge_to_Terabithia_(novel)","The_East_Hampton_Star","The_Trumpeter_of_Krakow","Baboushka_and_the_Three_Kings","Force_Heretic:_Reunion","The_Little_Mermaid","News_Review_Messenger","Hey,_Al","The_Ithaca_Journal","The_New_York_Observer","The_Buffalo_News","Thimble_Summer","Wellsville_Daily_Reporter","To_Kill_a_Mockingbird","Miss_Hickory","The_Voyages_of_Doctor_Dolittle","Magazine","The_Village_Voice","The_Saratogian","The_State_Journal-Register","Toronto_Telegram","Shen_of_the_Sea","Newsday","Joseph_Had_a_Little_Overcoat","Ox-Cart_Man","Shadow_of_a_Bull","King_of_the_Wind","The_News_Journal","Owl_Moon","Edge_of_Victory:_Rebirth","New_York_Post","My_Friend_Rabbit","Chanticleer_and_the_Fox","Always_Room_for_One_More","The_Biggest_Bear","Force_Heretic:_Refugee","Ashanti_to_Zulu","Tales_from_Silver_Lands","Roll_of_Thunder,_Hear_My_Cry","Cinderella","The_Jungle_Book","Prayer_for_a_Child","Drummer_Hoff","Sleeping_Beauty","Times_Union_(Albany)","Watertown_Daily_Times","Death_of_a_Salesman","Song_and_Dance_Man","Star-Gazette","Rabbit_Hill","The_Hundred_and_One_Dalmatians","M._C._Higgins,_the_Great","I,_Juan_de_Pareja","Times_Herald-Record","China's_Best_Actor:_Wen_Jiabao","May_I_Bring_a_Friend%3F","The_Grey_King","Alice's_Adventures_in_Wonderland","Up_a_Road_Slowly","Crispin:_The_Cross_of_Lead","So_You_Want_to_Be_President%3F","Pulp_magazine","Mrs._Frisby_and_the_Rats_of_NIMH","New_Yorker_Staats-Zeitung","Staten_Island_Advance","Agents_of_Chaos:_Jedi_Eclipse","Agents_of_Chaos:_Hero's_Trial","A_Single_Shard","Long_Island_Business_News","Snow_White","Dark_Tide:_Onslaught","Miracles_on_Maple_Hill","New_York_Amsterdam_News","A_Tree_Is_Nice","Make_Way_for_Ducklings","Time_of_Wonder","The_Reluctant_Dragon","The_Virgin_Suicides","Onion_John","The_Post-Journal","Caddie_Woodlawn","Niagara_Falls_Reporter","Julie_of_the_Wolves","A_Man_for_All_Seasons","A_Year_Down_Yonder","Out_of_the_Dust","The_Story_of_Mankind","The_Funny_Little_Woman","Queens_Chronicle","New_York_World-Telegram","Smoky_the_Cowhorse","On_Golden_Pond_(play)","Walk_Two_Moons","Strawberry_Girl","They_Were_Strong_and_Good","The_Times_(Little_Falls)","Mirette_on_the_High_Wire","Arkansas_Democrat-Gazette","Vector_Prime","The_Tale_of_Despereaux","The_New_York_Times","Poughkeepsie_Journal","Doctor_Zhivago_(novel)","European_Economic_Area_Family_Permit","The_Evening_Tribune_(Hornell)","Evening_Times","Many_Moons","Secret_of_the_Andes","The_Tin_Men","The_Cat_Who_Went_to_Heaven","Douglas_County_News_(Sutherlin)","Hitty,_Her_First_Hundred_Years","Kansas_City_Journal-Post","Snowflake_Bentley_(book)","The_Door_in_the_Wall","The_Baltimore_Sun","Amos_Fortune,_Free_Man","The_Snowy_Day","Octopussy_and_The_Living_Daylights","Lockport_Union-Sun_&_Journal","Dark_Tide:_Ruin","Balance_Point","Song_of_the_Swallows","Arrow_to_the_Sun","From_the_Mixed-Up_Files_of_Mrs._Basil_E._Frankweiler","Nowy_Dziennik","Democrat_and_Chronicle","The_Westing_Game","Der_Yid","Gotham_Gazette","Sam,_Bangs_and_Moonshine","Press-Republican","The_Big_Snow","Waterless_Mountain","The_Fool_of_the_World_and_the_Flying_Ship","L.A._Confidential","Fiji_Times","The_Matchlock_Gun","Rapunzel","One_Thousand_and_One_Nights","Ginger_Pye","Olean_Times_Herald","Observer-Dispatch","The_Fool_of_the_World_and_the_Flying_Ship_(book)","Joyful_Noise:_Poems_for_Two_Voices","Aladdin","The_Bronze_Bow","Niagara_Gazette","Officer_Buckle_and_Gloria","Missing_May","The_Post-Star","The_Unifying_Force","Riverdale_Review","The_Journal_News","Irish_Voice","Herald_Young_Leader","Young_Fu_of_the_Upper_Yangtze","Caddie_Woodlawn_(musical)","The_Hamilton_Spectator","Chanticleer_and_the_Fox_(book)","Sound_recording_and_reproduction","Jacob_Have_I_Loved","The_Girl_Who_Loved_Wild_Horses","Liberalisme_(anthology)","Cyrano_de_Bergerac_(play)","Johnny_Tremain","Victory_Through_Air_Power","Outrageous_Betrayal","Maniac_Magee","Financial_Times","Duffy_and_the_Devil","The_Post-Standard","The_Three_Pigs","Smoky_Night","The_Slave_Dancer","Henry_IV,_Part_1"
"Artist","Democratic_Republic_of_the_Congo","Asha_Bhosle","Phil_Collins","Trina","Fancy_(singer)","Wretch_32","Miley_Cyrus","Papua_New_Guinea","Lata_Mangeshkar","Pendyala_Nageswara_Rao","Daler_Mehndi","Naushad","Mike_Patton","Moulin_Rouge","James_Brown","Majrooh_Sultanpuri","Fantasia_Barrino","George_Clinton_(musician)","Billy_Bragg"
"Country","Democratic_Republic_of_the_Congo","Nordic_countries","African_Union","Isle_of_Man","South_Asian_Association_for_Regional_Cooperation","Papua_New_Guinea","Commonwealth_of_Independent_States","Galactic_Empire_(Star_Wars)","European_Union","Union_of_South_Africa","Monarchy_of_the_United_Kingdom","European_Free_Trade_Association","Mercosur","Association_of_Southeast_Asian_Nations","Southern_African_Development_Community"
"SportsTeam","University_of_Ontario_Institute_of_Technology_Ridgebacks","Newnham_College_Boat_Club","Downing_College_Boat_Club","Lethbridge_Pronghorns","Churchill_College_Boat_Club","Cerebro's_X-Men","Girton_College_Boat_Club","Guelph_Gryphons","McMaster_Marauders","Royal_Military_College_Paladins","Calgary_Dinos","Queens_Park_Rangers_F.C.","Brock_Badgers","Minnesota_Twins","Windsor_Lancers","Western_Ontario_Mustangs","Star_Wars"
"Airport","John_F._Kennedy_International_Airport","Tundra_Mine/Salamita_Mine_Aerodrome","Toronto_Pearson_International_Airport"
"Election","Gold_mining","Education","German_reunification"
"SportFacility","Villa_Park","Rabbit_Hill_Snow_Resort","Salt_Lake_Stadium"
"SoccerClub","Newnham_College_Boat_Club","Downing_College_Boat_Club","Churchill_College_Boat_Club","Girton_College_Boat_Club","Queens_Park_Rangers_F.C."
"Single","Frog_Went_A-Courting","Many_Moons_(song)","Hurricane_Katrina","Three_Lions","One_Fine_Day_(song)","Phir_Milenge_Chalte_Chalte"
"EthnicGroup","English_people","Lakota_people","Jews","Chinatown"
"Ship","Noah's_Ark","SS_Norlom","USS_Surfbird_(AM-383)"
"Film","Chori_Chori","St._George_Shoots_the_Dragon","The_Spy_Who_Loved_Me_(film)","Death_of_a_Salesman_(1951_film)","Giant_Mine_(film)","Monsters,_Inc.","Batman_Returns","Bichhoo","Dumbo","About_Schmidt","Doctor_Zhivago_(film)","The_Prince_of_Tides","Mars_Attacks!","The_Hunchback_of_Notre_Dame_(1996_film)","The_Reluctant_Dragon_(film)","Where_the_Wild_Things_Are_(film)","Forrest_Gump","The_Living_Daylights","Casino_Royale_(2006_film)","Coming_Home_(1978_film)","Spirited_Away","Bridge_to_Terabithia_(2007_film)","On_Golden_Pond_(1981_film)","Reversal_of_Fortune_(2005_film)","Toy_Story","Bradley_Whitford","Victory_Through_Air_Power_(film)","Chori_Chori_Chupke_Chupke","Live_and_Let_Die_(film)","Training_Day","You_Only_Live_Twice_(film)","My_Neighbor_Totoro","A_Wrinkle_in_Time_(film)","The_French_Connection_(film)","Bunty_Aur_Babli","Kabhi_Alvida_Naa_Kehna","The_Three_Caballeros","The_Little_Mermaid_(1989_film)","The_Black_Cauldron_(film)","Mystic_River_(film)","Johnny_Tremain_(film)","The_Lion_King","From_the_Mixed-Up_Files_of_Mrs._Basil_E._Frankweiler_(1973_film)","The_Song_and_Dance_Man","Chalte_Chalte_(2003_film)","Serpico","Hello_Brother_(1999_film)","The_Bridge_on_the_River_Kwai","Sebastian_Cabot_(actor)","Separate_Tables_(film)","Saludos_Amigos","Bambi","The_Virgin_Suicides_(film)","Har_Dil_Jo_Pyar_Karega","Lady_and_the_Tramp","Sati_Sulochana","The_Adventures_of_Ichabod_and_Mr._Toad","Erin_Brockovich_(film)","Tomorrow_Never_Dies","Chalo_Ishq_Ladaaye","Hoffa","The_Incredibles","Aladdin_(1992_Disney_film)","Paheli","Rain_Man","Song_of_the_South","One_Hundred_and_One_Dalmatians","Scent_of_a_Woman_(1974_film)","Reality_Bites","Finding_Nemo","Lust_for_Life_(film)","Raja_Ki_Aayegi_Baraat","To_Kill_a_Mockingbird_(film)","Joshua_Malina","Kabhi_Khushi_Kabhie_Gham...","Treason","Pashtunwali","Throw_Momma_from_the_Train","King_of_the_Wind_(film)","Born_on_the_Fourth_of_July_(film)","Austin_Powers_in_Goldmember","Be_Cool","Avatar_(2009_film)","Veer-Zaara","Who_Framed_Roger_Rabbit","The_Jungle_Book_(1967_film)","The_Fox_and_the_Hound","Mujhse_Dosti_Karoge!","One_Fine_Day_(film)","Winnie_the_Pooh_and_the_Honey_Tree","Lilies_of_the_Field_(1963_film)","Kuch_Kuch_Hota_Hai","Runaway_Train_(film)","Beauty_and_the_Beast_(1991_film)","The_Lion_in_Winter_(1968_film)","L.A._Confidential_(film)","Peter_Pan_(1953_film)","Goldfinger_(film)","Kramer_vs._Kramer","Citizen_Kane","My_Cousin_Vinny","Maniac_Magee_(film)","For_Your_Eyes_Only_(film)","Scent_of_a_Woman_(1992_film)","Leaving_Las_Vegas","Pyaar_Diwana_Hota_Hai","Kal_Ho_Naa_Ho","Jumanji","Saathiya_(film)","The_World_Is_Not_Enough","Ek_Nai_Paheli","Calcutta_Mail","101_Dalmatians_(1996_film)","The_Many_Adventures_of_Winnie_the_Pooh","Licence_to_Kill","Hey_Ram","Alice_in_Wonderland_(2010_film)","Snow_White_and_the_Seven_Dwarfs_(1937_film)","A_Man_for_All_Seasons_(1966_film)","The_Story_of_Mankind_(film)","Pulp_Fiction","Pinocchio_(1940_film)","The_Tale_of_Despereaux_(film)","High_Noon","Brother_Bear","Secret_of_the_Andes_(film)","Tangled","The_Man_with_the_Golden_Gun_(film)","Mary_Poppins_(film)","Satyajit_Ray_Film_and_Television_Institute","Octopussy","Arrow_to_the_Sun","True_Grit_(2010_film)","Stitch!_The_Movie","The_Fool_of_the_World_and_the_Flying_Ship","Get_a_Clue_(1997_film)","Tin_Men","Hum_Tum","Kahin_Pyaar_Na_Ho_Jaaye_(2000_film)","Bas_Itna_Sa_Khwaab_Hai","Raging_Bull","GoldenEye","Pinocchio_and_the_Emperor_of_the_Night","Hello_Brother_(1994_film)","Die_Another_Day","Get_Shorty_(film)","Judgment_at_Nuremberg","The_Rescuers","Reversal_of_Fortune","Sarah,_Plain_and_Tall_(film)","The_Aristocats","The_Truman_Show","The_Great_Mouse_Detective","The_Sword_in_the_Stone_(film)","Toy_Story_2","Toy_Story_3","The_Polar_Express_(film)","Elmer_Gantry_(film)"
